,start,end,duration,Keywords,Monkeys,date
0,2019-10-28 09:43:17,2019-10-28 09:49:58,401.0,"Next to, go through, go over, sit middle, sit on edge, sit on top, Bite, grab",4.0,2019-10-28
1,2019-10-28 09:50:40,2019-10-28 09:51:47,67.0,"Sit on top, grab, bite",2.0,2019-10-28
2,2019-10-28 09:52:25,2019-10-28 09:56:36,251.0,"sit on top, sit on edge, go through, bite, grab, look through",2.0,2019-10-28
3,2019-10-28 09:57:00,2019-10-28 09:57:47,47.0,"sit on edge, grab, bite, go over, look through",2.0,2019-10-28
4,2019-10-28 09:57:50,2019-10-28 10:01:00,190.0,"sit on top, sit on edge, grab, bite, next to",3.0,2019-10-28
5,2019-10-28 10:02:51,2019-10-28 10:03:20,29.0,"sit on edge, sit on top, grab",1.0,2019-10-28
6,2019-10-28 10:03:50,2019-10-28 10:04:13,23.0,"next to, grab",1.0,2019-10-28
7,2019-10-28 10:23:46,2019-10-28 10:23:57,11.0,on top,1.0,2019-10-28
8,2019-10-28 10:24:03,2019-10-28 10:24:11,8.0,next to,1.0,2019-10-28
9,2019-10-28 10:24:45,2019-10-28 10:24:54,9.0,go over,1.0,2019-10-28
10,2019-10-28 10:28:12,2019-10-28 10:28:14,2.0,go over,1.0,2019-10-28
11,2019-10-28 10:28:44,2019-10-28 10:28:54,10.0,sit on top,1.0,2019-10-28
12,2019-10-28 10:31:30,2019-10-28 10:31:44,14.0,"next to, grab",1.0,2019-10-28
13,2019-10-28 10:33:00,2019-10-28 10:33:01,1.0,go over,1.0,2019-10-28
14,2019-10-28 10:36:05,2019-10-28 10:36:16,11.0,"next to, grab",1.0,2019-10-28
15,2019-10-28 11:28:55,2019-10-28 11:29:19,24.0,sit on top,1.0,2019-10-28
16,2019-10-28 11:29:32,2019-10-28 11:29:37,5.0,"next to, grab",1.0,2019-10-28
17,2019-10-28 11:33:58,2019-10-28 11:34:53,55.0,"sit on top, food",1.0,2019-10-28
18,2019-10-28 11:35:16,2019-10-28 11:35:30,14.0,"sit on top, food, shoo",2.0,2019-10-28
19,2019-10-28 11:36:43,2019-10-28 11:36:57,14.0,sit on top,1.0,2019-10-28
20,2019-10-28 11:42:00,2019-10-28 11:42:58,58.0,sit on top,1.0,2019-10-28
21,2019-10-28 11:43:44,2019-10-28 11:43:50,6.0,"next to, grab, sit on top",1.0,2019-10-28
22,2019-10-28 11:44:54,2019-10-28 11:44:59,5.0,go over,1.0,2019-10-28
23,2019-10-28 11:46:30,2019-10-28 11:47:09,39.0,"next to, grab, sit on top",1.0,2019-10-28
24,2019-10-28 11:48:16,2019-10-28 11:48:30,14.0,"next to, grab, go over",1.0,2019-10-28
25,2019-10-28 11:49:13,2019-10-28 11:49:27,14.0,sit on top,1.0,2019-10-28
26,2019-10-28 11:54:05,2019-10-28 11:55:40,95.0,sit on top,1.0,2019-10-28
27,2019-10-28 11:55:49,2019-10-28 11:55:54,5.0,go over,1.0,2019-10-28
28,2019-10-28 12:01:58,2019-10-28 12:02:13,15.0,sit on top,1.0,2019-10-28
29,2019-10-28 12:09:00,2019-10-28 12:09:36,36.0,"next to, grab, bite",1.0,2019-10-28
30,2019-10-28 12:13:19,2019-10-28 12:13:27,8.0,"on top, shoo",2.0,2019-10-28
31,2019-10-28 12:16:45,2019-10-28 12:17:07,22.0,"go through, sit on edge, grab, sit on top",1.0,2019-10-28
32,2019-10-28 12:18:16,2019-10-28 12:18:20,4.0,"sit on top, shoo",1.0,2019-10-28
33,2019-10-28 12:19:45,2019-10-28 12:21:29,104.0,"on top, next to, grab, go through, sit on edge, bite",1.0,2019-10-28
34,2019-10-28 12:31:57,2019-10-28 12:31:59,2.0,go over,,2019-10-28
35,2019-10-28 13:39:50,2019-10-28 13:40:08,18.0,"sit on edge, grab, next to",1.0,2019-10-28
36,2019-10-28 13:41:20,2019-10-28 13:42:10,50.0,"sit on edge, go through, grab",2.0,2019-10-28
37,2019-10-28 13:43:00,2019-10-28 13:44:00,60.0,"on top, sit on edge, bite",1.0,2019-10-28
38,2019-10-28 13:44:32,2019-10-28 13:45:25,53.0,"sit on edge, bite",1.0,2019-10-28
39,2019-10-28 13:46:00,2019-10-28 13:46:01,1.0,go over,1.0,2019-10-28
40,2019-10-28 13:49:10,2019-10-28 13:49:11,1.0,go through,1.0,2019-10-28
41,2019-10-28 13:50:00,2019-10-28 13:50:41,41.0,"sit on top, go in",2.0,2019-10-28
42,2019-10-28 14:16:37,2019-10-28 14:16:44,7.0,go over,1.0,2019-10-28
43,2019-10-28 14:29:39,2019-10-28 14:29:40,1.0,"go through, food",1.0,2019-10-28
44,2019-10-28 14:49:25,2019-10-28 14:49:26,1.0,"go through, food",1.0,2019-10-28
45,2019-10-28 14:56:20,2019-10-28 14:56:26,6.0,on top,1.0,2019-10-28
46,2019-10-28 14:56:30,2019-10-28 14:57:43,73.0,"grab, next to, sit on edge, bite, sit on top, shoo",1.0,2019-10-28
47,2019-10-28 14:57:50,2019-10-28 14:58:09,19.0,"on top, grab, next to",1.0,2019-10-28
48,2019-10-28 14:58:43,2019-10-28 14:58:46,3.0,go over,1.0,2019-10-28
49,2019-10-28 15:10:03,2019-10-28 15:10:05,2.0,go through,1.0,2019-10-28
50,2019-10-28 15:37:48,2019-10-28 15:37:49,1.0,go over,1.0,2019-10-28
51,2019-10-28 15:40:06,2019-10-28 15:40:14,8.0,"next to, grab, go through",1.0,2019-10-28
52,2019-10-28 15:44:04,2019-10-28 15:44:24,20.0,"go through, bite",1.0,2019-10-28
53,2019-10-28 15:54:35,2019-10-28 15:54:40,5.0,"next to, grab",1.0,2019-10-28
54,2019-10-28 16:09:05,2019-10-28 16:09:10,5.0,go over ,1.0,2019-10-28
55,2019-10-29 07:04:05,2019-10-29 07:04:12,7.0,go over,1.0,2019-10-29
56,2019-10-29 07:10:11,2019-10-29 07:10:23,12.0,"next to, grab",1.0,2019-10-29
57,2019-10-29 07:13:15,2019-10-29 07:13:17,2.0,go over,1.0,2019-10-29
58,2019-10-29 08:02:20,2019-10-29 08:02:23,3.0,go over,1.0,2019-10-29
59,2019-10-29 08:16:40,2019-10-29 08:16:42,2.0,go over,1.0,2019-10-29
60,2019-10-29 08:23:29,2019-10-29 08:23:33,4.0,sit on top,1.0,2019-10-29
61,2019-10-29 08:33:56,2019-10-29 08:33:57,1.0,go over,1.0,2019-10-29
62,2019-10-29 08:43:06,2019-10-29 08:43:19,13.0,"on top, next to",2.0,2019-10-29
63,2019-10-29 08:44:38,2019-10-29 08:44:41,3.0,go over,1.0,2019-10-29
64,2019-10-29 08:55:54,2019-10-29 08:56:12,18.0,on top,1.0,2019-10-29
65,2019-10-29 09:00:06,2019-10-29 09:00:07,1.0,go over,1.0,2019-10-29
66,2019-10-29 09:44:29,2019-10-29 09:44:32,3.0,go over,1.0,2019-10-29
67,2019-10-29 09:46:36,2019-10-29 09:46:38,2.0,go over,1.0,2019-10-29
68,2019-10-29 09:49:00,2019-10-29 09:49:01,1.0,go over,1.0,2019-10-29
69,2019-10-29 10:02:08,2019-10-29 10:02:11,3.0,go over,1.0,2019-10-29
70,2019-10-29 10:12:25,2019-10-29 10:13:10,45.0,"sit on edge, go through, on top",2.0,2019-10-29
71,2019-10-29 10:13:16,2019-10-29 10:13:20,4.0,"on top, go over",1.0,2019-10-29
72,2019-10-29 11:19:20,2019-10-29 11:19:36,16.0,"next to, through, sit on top",2.0,2019-10-29
73,2019-10-29 11:28:02,2019-10-29 11:28:19,17.0,sit on top,1.0,2019-10-29
74,2019-10-29 11:29:26,2019-10-29 11:29:29,3.0,go over,1.0,2019-10-29
75,2019-10-29 11:29:43,2019-10-29 11:29:48,5.0,"sit on top, food",1.0,2019-10-29
76,2019-10-29 11:30:13,2019-10-29 11:30:14,1.0,go over,1.0,2019-10-29
77,2019-10-29 11:30:18,2019-10-29 11:30:20,2.0,on top,1.0,2019-10-29
78,2019-10-29 11:35:24,2019-10-29 11:35:27,3.0,go over,1.0,2019-10-29
79,2019-10-29 11:35:36,2019-10-29 11:35:38,2.0,go over,1.0,2019-10-29
80,2019-10-29 11:36:41,2019-10-29 11:36:58,17.0,sit on top,1.0,2019-10-29
81,2019-10-29 11:39:37,2019-10-29 11:39:38,1.0,go over,1.0,2019-10-29
82,2019-10-29 11:39:53,2019-10-29 11:40:08,15.0,on top,1.0,2019-10-29
83,2019-10-29 12:00:30,2019-10-29 12:00:33,3.0,go through,1.0,2019-10-29
84,2019-10-29 12:14:32,2019-10-29 12:14:40,8.0,on top,1.0,2019-10-29
85,2019-10-29 13:46:58,2019-10-29 13:46:59,1.0,go over,1.0,2019-10-29
86,2019-10-29 13:49:26,2019-10-29 13:49:29,3.0,go over,1.0,2019-10-29
87,2019-10-29 13:51:20,2019-10-29 13:51:21,1.0,go over,1.0,2019-10-29
88,2019-10-29 13:52:19,2019-10-29 13:52:45,26.0,sit on top,1.0,2019-10-29
89,2019-10-29 14:10:03,2019-10-29 14:10:07,4.0,go over,1.0,2019-10-29
90,2019-10-29 14:28:12,2019-10-29 14:28:27,15.0,go over,1.0,2019-10-29
91,2019-10-29 14:30:05,2019-10-29 14:30:08,3.0,go over,1.0,2019-10-29
92,2019-10-29 15:11:00,2019-10-29 15:11:01,1.0,go over,1.0,2019-10-29
93,2019-10-29 15:29:47,2019-10-29 15:29:51,4.0,go through,1.0,2019-10-29
94,2019-10-29 15:33:48,2019-10-29 15:33:53,5.0,go over,1.0,2019-10-29
95,2019-10-29 15:42:52,2019-10-29 15:42:53,1.0,go over,1.0,2019-10-29
96,2019-10-29 15:45:00,2019-10-29 15:45:11,11.0,"next to, grab",1.0,2019-10-29
97,2019-10-29 16:44:51,2019-10-29 16:44:57,6.0,go over,1.0,2019-10-29
98,2019-10-29 16:45:09,2019-10-29 16:45:12,3.0,go through,1.0,2019-10-29
99,2019-10-29 17:23:19,2019-10-29 17:23:24,5.0,go over,1.0,2019-10-29
100,2019-10-29 17:23:55,2019-10-29 17:24:09,14.0,on top,1.0,2019-10-29
101,2019-10-29 18:35:10,2019-10-29 18:35:15,5.0,"next to, grab",1.0,2019-10-29
102,2019-10-30 07:49:54,2019-10-30 07:49:57,3.0,go over,1.0,2019-10-30
103,2019-10-30 08:06:53,2019-10-30 08:07:23,30.0,"go through, sit on edge, grab, bite",1.0,2019-10-30
104,2019-10-30 08:15:13,2019-10-30 08:15:14,1.0,go through,1.0,2019-10-30
105,2019-10-30 08:15:46,2019-10-30 08:15:50,4.0,"go through, sit on edge",1.0,2019-10-30
106,2019-10-30 08:18:45,2019-10-30 08:18:46,1.0,go over,1.0,2019-10-30
107,2019-10-30 08:19:20,2019-10-30 08:19:21,1.0,go over,1.0,2019-10-30
108,2019-10-30 08:34:19,2019-10-30 08:34:21,2.0,go over,1.0,2019-10-30
109,2019-10-30 08:39:06,2019-10-30 08:39:12,6.0,"sit on edge, grab",1.0,2019-10-30
110,2019-10-30 08:49:45,2019-10-30 08:49:56,11.0,go over,1.0,2019-10-30
111,2019-10-30 09:01:25,2019-10-30 09:02:29,64.0,"sit on edge, go through, sit on top",2.0,2019-10-30
112,2019-10-30 09:48:38,2019-10-30 09:48:50,12.0,sit on top,1.0,2019-10-30
113,2019-10-30 09:55:15,2019-10-30 09:55:19,4.0,go over,2.0,2019-10-30
114,2019-10-30 09:56:16,2019-10-30 09:56:23,7.0,"go in, sit on edge, grab, go through",1.0,2019-10-30
115,2019-10-30 09:57:13,2019-10-30 09:57:18,5.0,on top,1.0,2019-10-30
116,2019-10-30 09:57:37,2019-10-30 09:57:56,19.0,"on top, go through, sit on edge",1.0,2019-10-30
117,2019-10-30 09:58:03,2019-10-30 09:58:44,41.0,"on top, grab, sit on top",1.0,2019-10-30
118,2019-10-30 09:59:02,2019-10-30 09:59:14,12.0,"go over, slip",1.0,2019-10-30
119,2019-10-30 10:00:01,2019-10-30 10:00:13,12.0,"go through, sit on edge, on top",1.0,2019-10-30
120,2019-10-30 10:00:18,2019-10-30 10:00:25,7.0,"go through, sit on edge",1.0,2019-10-30
121,2019-10-30 11:30:19,2019-10-30 11:30:20,1.0,go over,1.0,2019-10-30
122,2019-10-30 11:31:28,2019-10-30 11:31:33,5.0,go over,1.0,2019-10-30
123,2019-10-30 11:31:53,2019-10-30 11:31:56,3.0,go over,1.0,2019-10-30
124,2019-10-30 11:32:12,2019-10-30 11:32:14,2.0,go over,1.0,2019-10-30
125,2019-10-30 11:32:22,2019-10-30 11:32:26,4.0,go over,1.0,2019-10-30
126,2019-10-30 11:33:18,2019-10-30 11:33:24,6.0,sit on top,1.0,2019-10-30
127,2019-10-30 11:33:34,2019-10-30 11:33:38,4.0,go over,1.0,2019-10-30
128,2019-10-30 11:36:29,2019-10-30 11:36:32,3.0,go over,1.0,2019-10-30
129,2019-10-30 12:15:16,2019-10-30 12:15:19,3.0,go through,1.0,2019-10-30
130,2019-10-30 12:16:13,2019-10-30 12:16:20,7.0,"sit on edge, grab, go over",1.0,2019-10-30
131,2019-10-30 12:16:37,2019-10-30 12:16:38,1.0,go over,1.0,2019-10-30
132,2019-10-30 12:19:04,2019-10-30 12:19:05,1.0,go over,1.0,2019-10-30
133,2019-10-30 12:19:12,2019-10-30 12:19:15,3.0,"sit on top, shoo?",1.0,2019-10-30
134,2019-10-30 12:19:30,2019-10-30 12:19:36,6.0,"next, to, grab",1.0,2019-10-30
135,2019-10-30 12:20:56,2019-10-30 12:20:59,3.0,on top,1.0,2019-10-30
136,2019-10-30 12:22:25,2019-10-30 12:22:44,19.0,"go through, sit on edge",1.0,2019-10-30
137,2019-10-30 12:24:10,2019-10-30 12:24:11,1.0,go over,1.0,2019-10-30
138,2019-10-30 12:39:24,2019-10-30 12:39:25,1.0,go over,1.0,2019-10-30
139,2019-10-30 12:55:07,2019-10-30 12:55:22,15.0,"sit on edge, go through, go over, shoo",2.0,2019-10-30
140,2019-10-30 13:48:33,2019-10-30 13:48:37,4.0,go over,1.0,2019-10-30
141,2019-10-30 13:54:52,2019-10-30 13:55:00,8.0,go over,1.0,2019-10-30
142,2019-10-30 13:59:10,2019-10-30 13:59:51,41.0,"sit on edge, grab, go through, bite, shoo, on top, next to",2.0,2019-10-30
143,2019-10-30 14:00:35,2019-10-30 14:01:00,25.0,sit on top,1.0,2019-10-30
144,2019-10-30 14:01:15,2019-10-30 14:06:02,287.0,"go through, sit on edge, grab, bite, shoo, sit on top",3.0,2019-10-30
145,2019-10-30 16:01:48,2019-10-30 16:01:49,1.0,go over,1.0,2019-10-30
146,2019-10-30 16:37:01,2019-10-30 16:37:02,1.0,go over,1.0,2019-10-30
147,2019-10-31 10:36:43,2019-10-31 10:36:44,1.0,go over,1.0,2019-10-31
148,2019-10-31 11:53:14,2019-10-31 11:53:15,1.0,go over,1.0,2019-10-31
149,2019-10-31 12:25:02,2019-10-31 12:25:28,26.0,"sit on top, next to, grab",1.0,2019-10-31
150,2019-10-31 12:58:34,2019-10-31 12:58:42,8.0,on top,1.0,2019-10-31
151,2019-10-31 13:40:28,2019-10-31 13:40:30,2.0,go through,1.0,2019-10-31
152,2019-10-31 13:56:29,2019-10-31 13:56:39,10.0,"next to, go through",1.0,2019-10-31
153,2019-10-31 13:54:10,2019-10-31 13:54:11,1.0,go through,1.0,2019-10-31
154,2019-10-31 13:58:55,2019-10-31 13:58:59,4.0,go over,1.0,2019-10-31
155,2019-10-31 13:59:25,2019-10-31 13:59:41,16.0,"next to, bite, sit on top,",1.0,2019-10-31
156,2019-10-31 14:21:12,2019-10-31 14:21:13,1.0,go through,1.0,2019-10-31
157,2019-10-31 14:38:57,2019-10-31 14:38:58,1.0,go through,1.0,2019-10-31
158,2019-10-31 15:08:01,2019-10-31 15:08:02,1.0,go through,1.0,2019-10-31
159,2019-10-31 15:10:18,2019-10-31 15:10:19,1.0,go over,1.0,2019-10-31
160,2019-10-31 15:30:04,2019-10-31 15:30:11,7.0,go through,1.0,2019-10-31
161,2019-10-31 15:30:40,2019-10-31 15:30:47,7.0,go through,1.0,2019-10-31
162,2019-10-31 16:02:26,2019-10-31 16:02:28,2.0,go over,1.0,2019-10-31
163,2019-10-31 16:06:11,2019-10-31 16:06:12,1.0,go through,1.0,2019-10-31
164,2019-10-31 17:17:24,2019-10-31 17:17:25,1.0,go over,1.0,2019-10-31
165,2019-10-31 17:31:17,2019-10-31 17:31:27,10.0,go over,1.0,2019-10-31
166,2019-11-01 08:42:15,2019-11-01 08:42:51,36.0,"sit on top, groom",2.0,2019-11-01
167,2019-11-01 08:58:21,2019-11-01 08:58:22,1.0,go through,1.0,2019-11-01
168,2019-11-01 09:01:55,2019-11-01 09:01:58,3.0,go over,1.0,2019-11-01
169,2019-11-01 09:02:18,2019-11-01 09:02:21,3.0,go over,1.0,2019-11-01
170,2019-11-01 10:29:02,2019-11-01 10:29:05,3.0,go over,1.0,2019-11-01
171,2019-11-01 10:36:38,2019-11-01 10:37:19,41.0,"next to, food, grab, sit on top",1.0,2019-11-01
172,2019-11-01 10:39:07,2019-11-01 10:39:09,2.0,go over,1.0,2019-11-01
173,2019-11-01 10:40:42,2019-11-01 10:41:05,23.0,sit on top,1.0,2019-11-01
174,2019-11-01 10:43:07,2019-11-01 10:43:13,6.0,go over,1.0,2019-11-01
175,2019-11-01 10:44:02,2019-11-01 10:44:03,1.0,go over,1.0,2019-11-01
176,2019-11-01 10:44:23,2019-11-01 10:44:29,6.0,"next to, grab",1.0,2019-11-01
177,2019-11-01 10:48:18,2019-11-01 10:48:32,14.0,"on top, grab",1.0,2019-11-01
178,2019-11-01 11:00:31,2019-11-01 11:00:32,1.0,"go through, food",1.0,2019-11-01
179,2019-11-01 11:10:43,2019-11-01 11:10:58,15.0,"sit on edge, food, go through",1.0,2019-11-01
180,2019-11-01 12:12:59,2019-11-01 12:13:01,2.0,go over,1.0,2019-11-01
181,2019-11-01 12:20:22,2019-11-01 12:20:24,2.0,go over,1.0,2019-11-01
182,2019-11-01 12:33:29,2019-11-01 12:40:03,394.0,"next to, bite, go through, sit on edge, grab, go over, shoo",2.0,2019-11-01
183,2019-11-01 12:40:07,2019-11-01 12:40:15,8.0,"next to, bite",1.0,2019-11-01
184,2019-11-01 12:40:23,2019-11-01 12:40:29,6.0,"on top, go over",2.0,2019-11-01
185,2019-11-01 12:43:27,2019-11-01 12:43:28,1.0,go through,1.0,2019-11-01
186,2019-11-01 12:46:48,2019-11-01 12:46:50,2.0,go through,1.0,2019-11-01
187,2019-11-01 12:47:00,2019-11-01 12:47:12,12.0,"next to, bite",1.0,2019-11-01
188,2019-11-01 13:54:45,2019-11-01 13:54:46,1.0,go over,1.0,2019-11-01
189,2019-11-01 14:07:47,2019-11-01 14:07:53,6.0,go over,1.0,2019-11-01
190,2019-11-01 15:06:32,2019-11-01 15:06:33,1.0,go through,1.0,2019-11-01
191,2019-11-01 15:28:50,2019-11-01 15:28:54,4.0,go over,1.0,2019-11-01
192,2019-11-01 15:36:24,2019-11-01 15:36:31,7.0,go through,1.0,2019-11-01
193,2019-11-01 15:39:49,2019-11-01 15:39:50,1.0,go over,1.0,2019-11-01
194,2019-11-01 15:48:40,2019-11-01 15:48:47,7.0,go over,1.0,2019-11-01
195,2019-11-01 16:00:38,2019-11-01 16:00:41,3.0,go over,1.0,2019-11-01
196,2019-11-01 17:17:15,2019-11-01 17:17:32,17.0,"go over, go through",1.0,2019-11-01
197,2019-11-01 17:28:58,2019-11-01 17:29:00,2.0,go over,1.0,2019-11-01
198,2019-11-02 07:38:47,2019-11-02 07:38:53,6.0,go over,1.0,2019-11-02
199,2019-11-02 08:05:22,2019-11-02 08:05:29,7.0,go through,1.0,2019-11-02
200,2019-11-02 08:05:50,2019-11-02 08:07:12,82.0,sit on top,1.0,2019-11-02
201,2019-11-02 08:11:13,2019-11-02 08:11:14,1.0,go through,1.0,2019-11-02
202,2019-11-02 08:25:11,2019-11-02 08:25:21,10.0,go over,1.0,2019-11-02
203,2019-11-02 08:36:28,2019-11-02 08:46:40,612.0,"On top, sit middle, lie inside, go over, look through",2.0,2019-11-02
204,2019-11-02 08:47:56,2019-11-02 08:48:12,16.0,go through,1.0,2019-11-02
205,2019-11-02 09:00:05,2019-11-02 09:05:55,350.0,sit on top,1.0,2019-11-02
206,2019-11-02 09:06:19,2019-11-02 09:06:30,11.0,go over,1.0,2019-11-02
207,2019-11-02 09:08:46,2019-11-02 09:08:47,1.0,go through,1.0,2019-11-02
208,2019-11-02 09:12:14,2019-11-02 09:12:20,6.0,go through,1.0,2019-11-02
209,2019-11-02 09:12:35,2019-11-02 09:13:27,52.0,sit on top,1.0,2019-11-02
210,2019-11-02 09:14:29,2019-11-02 09:14:30,1.0,go over,1.0,2019-11-02
211,2019-11-02 09:20:43,2019-11-02 09:22:00,77.0,"go through, sit on edge",1.0,2019-11-02
212,2019-11-02 09:28:04,2019-11-02 09:35:24,440.0,"grab, bite, sit on top",2.0,2019-11-02
213,2019-11-02 09:36:12,2019-11-02 09:52:50,998.0,"sit middle, bite, sit on edge, lie",1.0,2019-11-02
214,2019-11-02 11:05:08,2019-11-02 11:05:14,6.0,on top,1.0,2019-11-02
215,2019-11-02 11:09:39,2019-11-02 11:10:03,24.0,"next to, grab, bite, go though, sit on edge",1.0,2019-11-02
216,2019-11-02 11:12:22,2019-11-02 11:14:00,98.0,"go through, sit on edge, bite, on top, grab",2.0,2019-11-02
217,2019-11-02 11:16:50,2019-11-02 11:17:12,22.0,"on top, play",2.0,2019-11-02
218,2019-11-02 11:25:12,2019-11-02 11:25:15,3.0,go over,1.0,2019-11-02
219,2019-11-02 11:25:31,2019-11-02 11:25:32,1.0,go over,1.0,2019-11-02
220,2019-11-02 11:31:45,2019-11-02 11:31:48,3.0,on top,1.0,2019-11-02
221,2019-11-02 11:32:49,2019-11-02 11:32:52,3.0,"next to, grab",1.0,2019-11-02
222,2019-11-02 11:37:31,2019-11-02 11:37:45,14.0,on top,1.0,2019-11-02
223,2019-11-02 11:42:52,2019-11-02 11:42:54,2.0,go over,1.0,2019-11-02
224,2019-11-02 12:03:35,2019-11-02 12:03:37,2.0,go over,1.0,2019-11-02
225,2019-11-02 12:10:47,2019-11-02 12:16:50,363.0,on top,1.0,2019-11-02
226,2019-11-02 12:18:57,2019-11-02 12:18:59,2.0,go through,1.0,2019-11-02
227,2019-11-02 12:21:03,2019-11-02 12:23:34,151.0,on top,1.0,2019-11-02
228,2019-11-02 12:32:19,2019-11-02 12:32:27,8.0,"on top, next to, grab",2.0,2019-11-02
229,2019-11-02 12:36:04,2019-11-02 12:36:12,8.0,"go through, sit on edge",1.0,2019-11-02
230,2019-11-02 12:38:10,2019-11-02 12:38:13,3.0,go through,1.0,2019-11-02
231,2019-11-02 12:38:15,2019-11-02 12:38:16,1.0,go over,1.0,2019-11-02
232,2019-11-02 12:42:24,2019-11-02 12:43:14,50.0,on top,3.0,2019-11-02
233,2019-11-02 12:53:49,2019-11-02 12:57:39,230.0,on top,1.0,2019-11-02
234,2019-11-02 13:33:51,2019-11-02 13:33:54,3.0,next to,1.0,2019-11-02
235,2019-11-02 13:44:17,2019-11-02 13:44:49,32.0,"next to, grab, go through",1.0,2019-11-02
236,2019-11-02 13:57:29,2019-11-02 13:59:34,125.0,"go through, sit on edge, grab, on top",1.0,2019-11-02
237,2019-11-02 13:59:54,2019-11-02 14:01:57,123.0,"on top, next to, grab groom",2.0,2019-11-02
238,2019-11-02 14:05:09,2019-11-02 14:05:11,2.0,go over,1.0,2019-11-02
239,2019-11-02 14:07:12,2019-11-02 14:07:42,30.0,"on top, play?",2.0,2019-11-02
240,2019-11-02 15:07:06,2019-11-02 15:07:07,1.0,go through,1.0,2019-11-02
241,2019-11-02 15:49:35,2019-11-02 15:50:46,71.0,"next to, grab, on top",1.0,2019-11-02
242,2019-11-02 15:58:05,2019-11-02 15:58:12,7.0,go over,1.0,2019-11-02
243,2019-11-02 16:03:01,2019-11-02 16:03:11,10.0,go over,1.0,2019-11-02
244,2019-11-02 16:14:04,2019-11-02 16:14:06,2.0,go over,1.0,2019-11-02
245,2019-11-02 16:14:13,2019-11-02 16:14:17,4.0,go through,1.0,2019-11-02
246,2019-11-02 16:15:37,2019-11-02 16:15:38,1.0,go through,1.0,2019-11-02
247,2019-11-02 16:22:08,2019-11-02 16:22:10,2.0,go over,1.0,2019-11-02
248,2019-11-02 17:21:22,2019-11-02 17:21:28,6.0,go through,1.0,2019-11-02
249,2019-11-02 17:42:32,2019-11-02 17:42:34,2.0,"next to, grab",1.0,2019-11-02
250,2019-11-02 17:43:21,2019-11-02 17:43:44,23.0,on top,1.0,2019-11-02
251,2019-11-02 18:07:54,2019-11-02 18:08:06,12.0,go through,1.0,2019-11-02
252,2019-11-03 07:18:57,2019-11-03 07:18:59,2.0,go over,1.0,2019-11-03
253,2019-11-03 07:24:13,2019-11-03 07:24:15,2.0,go over,1.0,2019-11-03
254,2019-11-03 07:39:03,2019-11-03 07:39:05,2.0,go over,1.0,2019-11-03
255,2019-11-03 08:03:00,2019-11-03 08:03:01,1.0,go over,1.0,2019-11-03
256,2019-11-03 08:20:19,2019-11-03 08:20:43,24.0,on top,1.0,2019-11-03
257,2019-11-03 08:26:12,2019-11-03 08:28:46,154.0,on top,1.0,2019-11-03
258,2019-11-03 08:46:15,2019-11-03 08:48:59,164.0,"on top, groom",1.0,2019-11-03
259,2019-11-03 08:51:33,2019-11-03 08:51:36,3.0,go over,1.0,2019-11-03
260,2019-11-03 09:04:46,2019-11-03 09:05:08,22.0,on top,1.0,2019-11-03
261,2019-11-03 09:06:59,2019-11-03 09:07:22,23.0,on top,1.0,2019-11-03
262,2019-11-03 09:19:03,2019-11-03 09:19:04,1.0,go over,1.0,2019-11-03
263,2019-11-03 09:23:48,2019-11-03 09:23:54,6.0,go through,1.0,2019-11-03
264,2019-11-03 09:25:27,2019-11-03 09:25:28,1.0,go over,1.0,2019-11-03
265,2019-11-03 09:26:19,2019-11-03 09:26:24,5.0,go over,1.0,2019-11-03
266,2019-11-03 09:47:57,2019-11-03 09:47:58,1.0,go through,1.0,2019-11-03
267,2019-11-03 09:51:52,2019-11-03 09:51:53,1.0,go over,1.0,2019-11-03
268,2019-11-03 10:04:05,2019-11-03 10:04:07,2.0,go through,1.0,2019-11-03
269,2019-11-03 10:05:10,2019-11-03 10:06:02,52.0,"go through, sit on edge, bite, grab, on top, ",1.0,2019-11-03
270,2019-11-03 10:06:39,2019-11-03 10:06:40,1.0,go over,1.0,2019-11-03
271,2019-11-03 10:07:22,2019-11-03 10:07:29,7.0,go over,1.0,2019-11-03
272,2019-11-03 10:07:43,2019-11-03 10:08:10,27.0,"on top, go through",2.0,2019-11-03
273,2019-11-03 10:16:01,2019-11-03 10:16:03,2.0,go through,1.0,2019-11-03
274,2019-11-03 10:16:55,2019-11-03 10:16:59,4.0,go over,1.0,2019-11-03
275,2019-11-03 10:24:01,2019-11-03 10:25:17,76.0,"go over, next to, grab, sit on edge, go through, ",1.0,2019-11-03
276,2019-11-03 10:25:37,2019-11-03 10:25:54,17.0,on top,1.0,2019-11-03
277,2019-11-03 10:36:28,2019-11-03 10:37:13,45.0,on top,3.0,2019-11-03
278,2019-11-03 10:39:20,2019-11-03 10:39:22,2.0,go over,1.0,2019-11-03
279,2019-11-03 10:39:48,2019-11-03 10:39:57,9.0,on top,1.0,2019-11-03
280,2019-11-03 10:40:07,2019-11-03 10:40:11,4.0,go over,1.0,2019-11-03
281,2019-11-03 10:57:25,2019-11-03 10:57:26,1.0,go over,1.0,2019-11-03
282,2019-11-03 10:58:18,2019-11-03 10:58:26,8.0,on top,1.0,2019-11-03
283,2019-11-03 11:38:42,2019-11-03 11:38:43,1.0,go over,1.0,2019-11-03
284,2019-11-03 12:04:46,2019-11-03 12:04:49,3.0,go over,1.0,2019-11-03
285,2019-11-03 13:04:04,2019-11-03 13:04:05,1.0,go through,1.0,2019-11-03
286,2019-11-03 14:30:41,2019-11-03 14:30:55,14.0,on top,2.0,2019-11-03
287,2019-11-03 14:33:26,2019-11-03 14:33:31,5.0,"next to, grab",1.0,2019-11-03
288,2019-11-03 14:45:45,2019-11-03 14:45:50,5.0,on top,1.0,2019-11-03
289,2019-11-03 15:34:33,2019-11-03 15:34:34,1.0,go over,1.0,2019-11-03
290,2019-11-03 15:38:36,2019-11-03 15:38:37,1.0,go over,1.0,2019-11-03
291,2019-11-03 15:55:42,2019-11-03 15:55:44,2.0,go over,1.0,2019-11-03
292,2019-11-03 16:09:27,2019-11-03 16:09:28,1.0,go over,1.0,2019-11-03
293,2019-11-03 16:09:58,2019-11-03 16:10:00,2.0,go over,1.0,2019-11-03
294,2019-11-03 16:29:33,2019-11-03 16:29:39,6.0,go over,1.0,2019-11-03
295,2019-11-03 16:35:14,2019-11-03 16:35:17,3.0,go over,1.0,2019-11-03
296,2019-11-03 16:48:31,2019-11-03 16:48:33,2.0,go over,1.0,2019-11-03
297,2019-11-03 16:54:10,2019-11-03 16:54:12,2.0,go over,1.0,2019-11-03
298,2019-11-03 17:14:09,2019-11-03 17:14:17,8.0,go over,1.0,2019-11-03
299,2019-11-04 08:01:21,2019-11-04 08:01:24,3.0,go over,1.0,2019-11-04
300,2019-11-04 08:01:29,2019-11-04 08:01:31,2.0,go over,1.0,2019-11-04
301,2019-11-04 08:02:13,2019-11-04 08:02:18,5.0,on top,1.0,2019-11-04
302,2019-11-04 08:04:25,2019-11-04 08:04:28,3.0,go over,1.0,2019-11-04
303,2019-11-04 08:43:53,2019-11-04 08:44:22,29.0,on top,1.0,2019-11-04
304,2019-11-04 08:54:56,2019-11-04 08:54:57,1.0,go over,1.0,2019-11-04
305,2019-11-04 11:05:53,2019-11-04 11:05:56,3.0,go through,1.0,2019-11-04
306,2019-11-04 13:34:13,2019-11-04 13:34:17,4.0,go through,1.0,2019-11-04
307,2019-11-04 13:35:45,2019-11-04 13:35:46,1.0,go over,1.0,2019-11-04
308,2019-11-04 13:58:06,2019-11-04 13:58:08,2.0,go over,1.0,2019-11-04
309,2019-11-04 14:43:49,2019-11-04 14:44:02,13.0,on top,1.0,2019-11-04
310,2019-11-04 15:56:26,2019-11-04 15:56:39,13.0,go over,1.0,2019-11-04
311,2019-11-04 16:17:00,2019-11-04 16:17:01,1.0,go over,1.0,2019-11-04
312,2019-11-04 16:37:45,2019-11-04 16:37:47,2.0,go over,1.0,2019-11-04
313,2019-11-04 16:38:38,2019-11-04 16:38:41,3.0,go over,1.0,2019-11-04
314,2019-11-04 16:59:05,2019-11-04 16:59:10,5.0,go over,1.0,2019-11-04
315,2019-11-04 17:07:49,2019-11-04 17:07:57,8.0,go over,1.0,2019-11-04
316,2019-11-04 17:15:59,2019-11-04 17:16:06,7.0,go over,1.0,2019-11-04
317,2019-11-04 17:17:13,2019-11-04 17:17:16,3.0,go over,1.0,2019-11-04
318,2019-11-05 07:36:35,2019-11-05 07:36:48,13.0,"on top, go through",2.0,2019-11-05
319,2019-11-05 07:57:59,2019-11-05 07:58:00,1.0,go over,1.0,2019-11-05
320,2019-11-05 08:04:27,2019-11-05 08:04:28,1.0,go over,1.0,2019-11-05
321,2019-11-05 08:05:36,2019-11-05 08:05:37,1.0,go over,1.0,2019-11-05
322,2019-11-05 08:16:19,2019-11-05 08:16:23,4.0,go over,1.0,2019-11-05
323,2019-11-05 08:43:45,2019-11-05 08:43:46,1.0,go over,1.0,2019-11-05
324,2019-11-05 08:56:07,2019-11-05 08:56:15,8.0,on top,1.0,2019-11-05
325,2019-11-05 09:01:58,2019-11-05 09:01:59,1.0,go over,1.0,2019-11-05
326,2019-11-05 09:16:34,2019-11-05 09:16:35,1.0,go over,1.0,2019-11-05
327,2019-11-05 10:44:22,2019-11-05 10:44:24,2.0,go through,1.0,2019-11-05
328,2019-11-05 11:17:37,2019-11-05 11:17:38,1.0,go over,1.0,2019-11-05
329,2019-11-05 11:17:54,2019-11-05 11:18:10,16.0,"on top, play",2.0,2019-11-05
330,2019-11-05 11:35:55,2019-11-05 11:35:57,2.0,go over,1.0,2019-11-05
331,2019-11-05 12:25:05,2019-11-05 12:25:13,8.0,on top,1.0,2019-11-05
332,2019-11-05 12:25:18,2019-11-05 12:25:21,3.0,go over,1.0,2019-11-05
334,2019-11-05 13:09:34,2019-11-05 13:09:36,2.0,go over,1.0,2019-11-05
335,2019-11-05 13:11:58,2019-11-05 13:12:00,2.0,go through,1.0,2019-11-05
336,2019-11-05 14:10:30,2019-11-05 14:10:31,1.0,go over,1.0,2019-11-05
337,2019-11-05 16:34:40,2019-11-05 16:34:42,2.0,go over,1.0,2019-11-05
338,2019-11-05 16:39:27,2019-11-05 16:40:13,46.0,on top,1.0,2019-11-05
339,2019-11-05 16:41:39,2019-11-05 16:41:44,5.0,climb over,1.0,2019-11-05
340,2019-11-05 17:02:05,2019-11-05 17:02:28,23.0,on top,1.0,2019-11-05
341,2019-11-05 17:11:07,2019-11-05 17:11:29,22.0,on top,1.0,2019-11-05
342,2019-11-05 17:57:12,2019-11-05 17:57:14,2.0,"next to, grab",1.0,2019-11-05
343,2019-11-05 17:57:28,2019-11-05 17:57:33,5.0,go over,1.0,2019-11-05
344,2019-11-06 06:52:26,2019-11-06 07:02:43,617.0,"on top, sleep",1.0,2019-11-06
345,2019-11-06 07:02:58,2019-11-06 07:02:59,1.0,go over,1.0,2019-11-06
346,2019-11-06 07:49:13,2019-11-06 07:49:14,1.0,go over,1.0,2019-11-06
347,2019-11-06 08:38:33,2019-11-06 08:38:35,2.0,go over,1.0,2019-11-06
348,2019-11-06 08:39:43,2019-11-06 08:40:06,23.0,on top,1.0,2019-11-06
349,2019-11-06 08:57:43,2019-11-06 08:57:45,2.0,go over,1.0,2019-11-06
350,2019-11-06 09:48:00,2019-11-06 09:48:23,23.0,on top,1.0,2019-11-06
351,2019-11-06 10:10:57,2019-11-06 10:11:11,14.0,on top,1.0,2019-11-06
352,2019-11-06 10:17:16,2019-11-06 10:17:20,4.0,go over,1.0,2019-11-06
353,2019-11-06 12:04:23,2019-11-06 12:05:46,83.0,on top,1.0,2019-11-06
354,2019-11-06 12:10:43,2019-11-06 12:11:35,52.0,"go through, sit on edge",1.0,2019-11-06
355,2019-11-06 12:39:01,2019-11-06 12:39:03,2.0,go over,1.0,2019-11-06
356,2019-11-06 12:40:01,2019-11-06 12:40:03,2.0,go over,1.0,2019-11-06
357,2019-11-06 12:44:35,2019-11-06 12:44:36,1.0,go over,1.0,2019-11-06
358,2019-11-06 12:52:03,2019-11-06 12:52:15,12.0,go over,1.0,2019-11-06
359,2019-11-06 12:52:59,2019-11-06 12:53:40,41.0,go over,1.0,2019-11-06
360,2019-11-06 13:18:14,2019-11-06 13:18:52,38.0,"next to, grab, go through",1.0,2019-11-06
361,2019-11-06 13:19:57,2019-11-06 13:19:59,2.0,go through,1.0,2019-11-06
362,2019-11-06 13:22:49,2019-11-06 13:22:50,1.0,go through,1.0,2019-11-06
363,2019-11-06 13:34:48,2019-11-06 13:45:04,616.0,on top,1.0,2019-11-06
364,2019-11-06 14:14:58,2019-11-06 14:15:01,3.0,go through,1.0,2019-11-06
365,2019-11-06 14:15:48,2019-11-06 14:15:49,1.0,go through,1.0,2019-11-06
366,2019-11-06 14:20:40,2019-11-06 14:20:47,7.0,go over,1.0,2019-11-06
367,2019-11-06 14:23:30,2019-11-06 14:23:31,1.0,go over,1.0,2019-11-06
368,2019-11-06 14:23:54,2019-11-06 14:24:04,10.0,"grab, go through",1.0,2019-11-06
369,2019-11-06 14:25:18,2019-11-06 14:25:25,7.0,"go through, sit on edge",1.0,2019-11-06
370,2019-11-06 14:30:05,2019-11-06 14:30:06,1.0,go over,1.0,2019-11-06
371,2019-11-06 14:31:46,2019-11-06 14:31:47,1.0,go through,1.0,2019-11-06
372,2019-11-06 14:50:51,2019-11-06 14:50:55,4.0,go over,1.0,2019-11-06
373,2019-11-06 14:52:32,2019-11-06 14:52:35,3.0,go over,1.0,2019-11-06
374,2019-11-06 14:53:37,2019-11-06 14:53:56,19.0,"on top, next to, grab, shoo",2.0,2019-11-06
375,2019-11-06 15:10:07,2019-11-06 15:10:10,3.0,go over,1.0,2019-11-06
376,2019-11-06 15:10:33,2019-11-06 15:10:42,9.0,on top,1.0,2019-11-06
377,2019-11-06 15:11:23,2019-11-06 15:11:33,10.0,"next to, grab",1.0,2019-11-06
378,2019-11-06 15:26:27,2019-11-06 15:26:28,1.0,go through,1.0,2019-11-06
379,2019-11-06 15:52:27,2019-11-06 15:53:33,66.0,on top,1.0,2019-11-06
380,2019-11-06 16:03:21,2019-11-06 16:03:25,4.0,go over,1.0,2019-11-06
381,2019-11-06 16:15:00,2019-11-06 16:15:03,3.0,go over,1.0,2019-11-06
382,2019-11-06 16:31:50,2019-11-06 16:31:52,2.0,go over,1.0,2019-11-06
383,2019-11-06 16:32:49,2019-11-06 16:32:52,3.0,go over,1.0,2019-11-06
384,2019-11-06 16:37:00,2019-11-06 16:37:22,22.0,on top,1.0,2019-11-06
385,2019-11-07 07:14:42,2019-11-07 07:14:43,1.0,go over,1.0,2019-11-07
386,2019-11-07 07:15:59,2019-11-07 07:16:04,5.0,go over,1.0,2019-11-07
387,2019-11-07 07:24:48,2019-11-07 07:24:51,3.0,go over,1.0,2019-11-07
388,2019-11-07 07:37:58,2019-11-07 07:37:59,1.0,go over,1.0,2019-11-07
389,2019-11-07 07:44:22,2019-11-07 07:44:24,2.0,go over,1.0,2019-11-07
390,2019-11-07 08:00:48,2019-11-07 08:00:49,1.0,go over,1.0,2019-11-07
391,2019-11-07 08:01:11,2019-11-07 08:03:18,127.0,"go over, on top, go in",2.0,2019-11-07
392,2019-11-07 08:04:52,2019-11-07 08:04:56,4.0,go over,1.0,2019-11-07
393,2019-11-07 08:14:09,2019-11-07 08:14:10,1.0,go over,1.0,2019-11-07
394,2019-11-07 08:16:13,2019-11-07 08:16:14,1.0,go over,1.0,2019-11-07
395,2019-11-07 08:17:05,2019-11-07 08:17:06,1.0,go over,1.0,2019-11-07
396,2019-11-07 08:32:03,2019-11-07 08:32:04,1.0,go over,1.0,2019-11-07
397,2019-11-07 08:33:56,2019-11-07 08:33:58,2.0,go over,1.0,2019-11-07
398,2019-11-07 08:47:22,2019-11-07 08:47:23,1.0,go over,1.0,2019-11-07
399,2019-11-07 08:56:07,2019-11-07 08:56:09,2.0,go over,1.0,2019-11-07
400,2019-11-07 09:53:49,2019-11-07 09:53:52,3.0,go over,1.0,2019-11-07
401,2019-11-07 10:16:45,2019-11-07 10:16:46,1.0,go over,1.0,2019-11-07
402,2019-11-07 10:18:12,2019-11-07 10:18:13,1.0,go over,1.0,2019-11-07
403,2019-11-07 10:18:13,2019-11-07 10:18:27,14.0,on top,1.0,2019-11-07
404,2019-11-07 10:27:19,2019-11-07 10:27:20,1.0,go over,1.0,2019-11-07
405,2019-11-07 10:27:37,2019-11-07 10:27:40,3.0,go through,1.0,2019-11-07
406,2019-11-07 10:30:38,2019-11-07 10:30:39,1.0,go over,1.0,2019-11-07
407,2019-11-07 10:39:24,2019-11-07 10:39:25,1.0,go through,1.0,2019-11-07
408,2019-11-07 11:02:53,2019-11-07 11:02:54,1.0,go over,1.0,2019-11-07
409,2019-11-07 11:07:39,2019-11-07 11:07:40,1.0,go over,1.0,2019-11-07
410,2019-11-07 11:10:18,2019-11-07 11:10:19,1.0,go over,1.0,2019-11-07
411,2019-11-10 07:03:00,2019-11-10 07:03:11,11.0,go over,1.0,2019-11-10
412,2019-11-10 07:04:59,2019-11-10 07:07:09,130.0,on top,1.0,2019-11-10
413,2019-11-10 07:10:23,2019-11-10 07:10:26,3.0,go over,1.0,2019-11-10
414,2019-11-10 07:12:42,2019-11-10 07:12:44,2.0,go over,1.0,2019-11-10
415,2019-11-10 07:17:23,2019-11-10 07:17:24,1.0,go over,1.0,2019-11-10
416,2019-11-10 07:18:25,2019-11-10 07:18:28,3.0,go over,1.0,2019-11-10
417,2019-11-10 07:22:58,2019-11-10 07:24:01,63.0,"go in, sit middle, sit on edge",1.0,2019-11-10
418,2019-11-10 07:32:34,2019-11-10 07:33:01,27.0,"sit on edge, sit middle",1.0,2019-11-10
419,2019-11-10 07:50:29,2019-11-10 07:50:31,2.0,go over,1.0,2019-11-10
420,2019-11-10 08:10:30,2019-11-10 08:10:33,3.0,go over,1.0,2019-11-10
421,2019-11-10 08:10:51,2019-11-10 08:10:54,3.0,go over,1.0,2019-11-10
422,2019-11-10 08:39:04,2019-11-10 08:39:06,2.0,go over,1.0,2019-11-10
423,2019-11-10 08:39:37,2019-11-10 08:39:38,1.0,go over,1.0,2019-11-10
424,2019-11-10 08:43:00,2019-11-10 08:43:03,3.0,go over,1.0,2019-11-10
425,2019-11-10 13:04:24,2019-11-10 13:04:25,1.0,go over,1.0,2019-11-10
426,2019-11-10 13:54:55,2019-11-10 13:55:02,7.0,go over,1.0,2019-11-10
427,2019-11-10 14:10:03,2019-11-10 14:10:08,5.0,go over,1.0,2019-11-10
428,2019-11-10 14:30:13,2019-11-10 14:30:30,17.0,"go over, on top",1.0,2019-11-10
429,2019-11-10 14:32:41,2019-11-10 14:32:45,4.0,go over,1.0,2019-11-10
430,2019-11-10 14:39:05,2019-11-10 14:39:06,1.0,go over,1.0,2019-11-10
431,2019-11-10 15:11:54,2019-11-10 15:11:57,3.0,go through,1.0,2019-11-10
432,2019-11-10 15:44:43,2019-11-10 15:44:44,1.0,go over,1.0,2019-11-10
433,2019-11-10 15:51:04,2019-11-10 15:51:12,8.0,"next to, grab, go over",1.0,2019-11-10
434,2019-11-10 15:53:17,2019-11-10 15:53:18,1.0,go over,1.0,2019-11-10
435,2019-11-10 16:15:45,2019-11-10 16:15:47,2.0,go over,1.0,2019-11-10
436,2019-11-10 16:28:07,2019-11-10 16:28:16,9.0,go over,1.0,2019-11-10
437,2019-11-10 16:36:35,2019-11-10 16:36:56,21.0,on top,2.0,2019-11-10
438,2019-11-10 16:59:50,2019-11-10 16:59:51,1.0,go over,1.0,2019-11-10
439,2019-11-10 17:13:30,2019-11-10 17:13:31,1.0,go over,1.0,2019-11-10
440,2019-11-10 17:28:08,2019-11-10 17:28:15,7.0,go over,1.0,2019-11-10
441,2019-11-11 07:08:29,2019-11-11 07:08:30,1.0,go over,1.0,2019-11-11
442,2019-11-11 07:11:18,2019-11-11 07:11:24,6.0,go over,1.0,2019-11-11
443,2019-11-11 07:14:28,2019-11-11 07:14:29,1.0,go over,1.0,2019-11-11
444,2019-11-11 07:14:42,2019-11-11 07:14:45,3.0,go over,1.0,2019-11-11
445,2019-11-11 07:31:49,2019-11-11 07:31:52,3.0,go over,1.0,2019-11-11
446,2019-11-11 07:47:26,2019-11-11 07:47:29,3.0,go through,1.0,2019-11-11
447,2019-11-11 07:50:12,2019-11-11 07:50:29,17.0,on top,1.0,2019-11-11
448,2019-11-11 08:05:17,2019-11-11 08:05:39,22.0,on top,1.0,2019-11-11
449,2019-11-11 08:07:00,2019-11-11 08:07:01,1.0,go through,1.0,2019-11-11
450,2019-11-11 08:23:44,2019-11-11 08:23:45,1.0,go over,1.0,2019-11-11
451,2019-11-11 08:27:23,2019-11-11 08:27:27,4.0,go over,1.0,2019-11-11
452,2019-11-11 08:27:31,2019-11-11 08:27:37,6.0,"on top, play",1.0,2019-11-11
453,2019-11-11 08:28:45,2019-11-11 08:29:03,18.0,on top,2.0,2019-11-11
454,2019-11-11 08:40:09,2019-11-11 08:42:00,111.0,on top,1.0,2019-11-11
455,2019-11-11 08:42:11,2019-11-11 08:43:51,100.0,"on top, groom",2.0,2019-11-11
456,2019-11-11 08:55:48,2019-11-11 08:55:49,1.0,go through,1.0,2019-11-11
457,2019-11-11 09:01:14,2019-11-11 09:01:15,1.0,go over,1.0,2019-11-11
458,2019-11-11 09:02:28,2019-11-11 09:02:41,13.0,on top,1.0,2019-11-11
459,2019-11-11 09:10:02,2019-11-11 09:10:04,2.0,go over,1.0,2019-11-11
460,2019-11-11 09:48:38,2019-11-11 09:48:40,2.0,go through,1.0,2019-11-11
461,2019-11-11 09:54:41,2019-11-11 09:54:43,2.0,go over,1.0,2019-11-11
462,2019-11-11 10:11:19,2019-11-11 10:11:21,2.0,go over,1.0,2019-11-11
463,2019-11-11 11:19:12,2019-11-11 11:19:25,13.0,"go through, sit on edge",1.0,2019-11-11
464,2019-11-11 11:30:08,2019-11-11 11:30:11,3.0,go over,1.0,2019-11-11
465,2019-11-11 11:42:04,2019-11-11 11:42:05,1.0,go over,1.0,2019-11-11
466,2019-11-11 11:52:28,2019-11-11 11:52:29,1.0,go over,1.0,2019-11-11
467,2019-11-11 11:55:20,2019-11-11 11:55:28,8.0,on top,1.0,2019-11-11
468,2019-11-11 12:03:52,2019-11-11 12:05:40,108.0,"sit on edge, sit middle",1.0,2019-11-11
469,2019-11-11 12:47:43,2019-11-11 12:48:20,37.0,on top,1.0,2019-11-11
470,2019-11-11 14:05:54,2019-11-11 14:05:55,1.0,go over,1.0,2019-11-11
471,2019-11-11 14:13:22,2019-11-11 14:13:36,14.0,on top,1.0,2019-11-11
472,2019-11-11 14:14:19,2019-11-11 14:14:22,3.0,go over,1.0,2019-11-11
473,2019-11-11 14:21:42,2019-11-11 14:21:51,9.0,on top,1.0,2019-11-11
474,2019-11-11 14:25:20,2019-11-11 14:25:21,1.0,go over,1.0,2019-11-11
475,2019-11-11 14:28:51,2019-11-11 14:28:52,1.0,go over,1.0,2019-11-11
476,2019-11-11 14:46:41,2019-11-11 14:46:44,3.0,go over,1.0,2019-11-11
477,2019-11-11 15:15:59,2019-11-11 15:16:11,12.0,"on top, next to",1.0,2019-11-11
478,2019-11-11 15:16:19,2019-11-11 15:16:26,7.0,"next to, grab",1.0,2019-11-11
479,2019-11-11 15:21:30,2019-11-11 15:21:33,3.0,go over,1.0,2019-11-11
480,2019-11-11 15:59:54,2019-11-11 15:59:55,1.0,go over,1.0,2019-11-11
481,2019-11-11 16:00:06,2019-11-11 16:00:08,2.0,go over,1.0,2019-11-11
482,2019-11-11 16:01:07,2019-11-11 16:01:22,15.0,on top,1.0,2019-11-11
483,2019-11-11 16:07:16,2019-11-11 16:07:19,3.0,go over,1.0,2019-11-11
484,2019-11-11 16:21:48,2019-11-11 16:21:49,1.0,go over,1.0,2019-11-11
485,2019-11-11 16:29:15,2019-11-11 16:29:26,11.0,go over,1.0,2019-11-11
486,2019-11-11 16:32:37,2019-11-11 16:32:39,2.0,go over,1.0,2019-11-11
487,2019-11-11 17:30:55,2019-11-11 17:31:05,10.0,go through,1.0,2019-11-11
488,2019-11-12 07:04:10,2019-11-12 07:04:12,2.0,go over,1.0,2019-11-12
489,2019-11-12 07:05:11,2019-11-12 07:05:15,4.0,go through,1.0,2019-11-12
490,2019-11-12 07:24:20,2019-11-12 07:24:37,17.0,on top,1.0,2019-11-12
491,2019-11-12 07:25:03,2019-11-12 07:25:11,8.0,on top,1.0,2019-11-12
492,2019-11-12 07:26:01,2019-11-12 07:26:02,1.0,go over,1.0,2019-11-12
493,2019-11-12 07:26:58,2019-11-12 07:27:02,4.0,go over,1.0,2019-11-12
494,2019-11-12 07:38:42,2019-11-12 07:38:43,1.0,go over,1.0,2019-11-12
495,2019-11-12 07:58:21,2019-11-12 07:58:22,1.0,go through,1.0,2019-11-12
496,2019-11-12 07:59:27,2019-11-12 07:59:29,2.0,go over,1.0,2019-11-12
497,2019-11-12 08:35:30,2019-11-12 08:35:31,1.0,go over,1.0,2019-11-12
498,2019-11-12 09:03:20,2019-11-12 09:03:21,1.0,go over,1.0,2019-11-12
499,2019-11-12 09:04:04,2019-11-12 09:04:07,3.0,on top,1.0,2019-11-12
500,2019-11-12 09:04:21,2019-11-12 09:04:26,5.0,on top,1.0,2019-11-12
501,2019-11-12 09:04:35,2019-11-12 09:04:36,1.0,go over,1.0,2019-11-12
502,2019-11-12 09:34:19,2019-11-12 09:34:21,2.0,go over,1.0,2019-11-12
503,2019-11-12 11:21:14,2019-11-12 11:21:18,4.0,go over,1.0,2019-11-12
504,2019-11-12 11:42:34,2019-11-12 11:42:35,1.0,go over,1.0,2019-11-12
505,2019-11-12 11:53:08,2019-11-12 11:53:09,1.0,go through,1.0,2019-11-12
506,2019-11-12 12:31:50,2019-11-12 12:32:11,21.0,on top,1.0,2019-11-12
507,2019-11-12 12:40:19,2019-11-12 12:40:28,9.0,"go through, sit on edge",1.0,2019-11-12
508,2019-11-12 12:47:24,2019-11-12 12:47:25,1.0,go over,1.0,2019-11-12
509,2019-11-12 13:58:58,2019-11-12 13:58:59,1.0,go over,1.0,2019-11-12
510,2019-11-12 14:04:20,2019-11-12 14:04:21,1.0,go over,1.0,2019-11-12
511,2019-11-12 14:05:35,2019-11-12 14:05:43,8.0,on top,1.0,2019-11-12
512,2019-11-12 14:08:41,2019-11-12 14:08:47,6.0,on top,1.0,2019-11-12
513,2019-11-12 14:10:57,2019-11-12 14:10:58,1.0,go over,1.0,2019-11-12
514,2019-11-12 14:16:41,2019-11-12 14:16:42,1.0,go over,1.0,2019-11-12
515,2019-11-12 14:16:46,2019-11-12 14:16:50,4.0,go over,1.0,2019-11-12
516,2019-11-12 14:16:53,2019-11-12 14:16:55,2.0,go over,1.0,2019-11-12
517,2019-11-12 14:44:57,2019-11-12 14:44:58,1.0,go over,1.0,2019-11-12
518,2019-11-12 14:57:57,2019-11-12 14:57:58,1.0,go over,1.0,2019-11-12
519,2019-11-12 15:02:02,2019-11-12 15:02:07,5.0,go over,1.0,2019-11-12
520,2019-11-12 15:15:10,2019-11-12 15:15:15,5.0,go over,1.0,2019-11-12
521,2019-11-12 15:37:36,2019-11-12 15:37:42,6.0,go over,1.0,2019-11-12
522,2019-11-12 15:46:49,2019-11-12 15:46:57,8.0,on top,1.0,2019-11-12
523,2019-11-12 15:52:04,2019-11-12 15:52:08,4.0,go over,1.0,2019-11-12
524,2019-11-12 15:52:38,2019-11-12 15:52:42,4.0,go over,1.0,2019-11-12
525,2019-11-12 16:00:19,2019-11-12 16:00:23,4.0,go over,1.0,2019-11-12
526,2019-11-12 16:03:28,2019-11-12 16:03:32,4.0,go over,1.0,2019-11-12
527,2019-11-12 16:07:44,2019-11-12 16:07:48,4.0,go over,1.0,2019-11-12
528,2019-11-12 16:26:41,2019-11-12 16:27:24,43.0,"next to, grab",1.0,2019-11-12
529,2019-11-12 16:33:40,2019-11-12 16:33:47,7.0,go through,1.0,2019-11-12
530,2019-11-12 16:36:49,2019-11-12 16:36:53,4.0,go through,1.0,2019-11-12
531,2019-11-12 16:39:38,2019-11-12 16:39:39,1.0,go over,1.0,2019-11-12
532,2019-11-12 16:45:37,2019-11-12 16:45:41,4.0,go over,1.0,2019-11-12
533,2019-11-12 16:55:33,2019-11-12 16:55:34,1.0,go over,1.0,2019-11-12
534,2019-11-12 16:57:47,2019-11-12 16:57:50,3.0,go over,1.0,2019-11-12
535,2019-11-12 17:04:49,2019-11-12 17:04:56,7.0,go over,1.0,2019-11-12
536,2019-11-12 17:22:53,2019-11-12 17:22:58,5.0,go over,1.0,2019-11-12
537,2019-11-12 17:27:37,2019-11-12 17:27:39,2.0,go over,1.0,2019-11-12
538,2019-11-12 17:33:21,2019-11-12 17:33:23,2.0,go over,1.0,2019-11-12
539,2019-11-12 17:58:35,2019-11-12 17:58:39,4.0,go over,1.0,2019-11-12
540,2019-11-13 07:01:14,2019-11-13 07:01:38,24.0,on top,1.0,2019-11-13
541,2019-11-13 07:15:31,2019-11-13 07:15:53,22.0,on top,1.0,2019-11-13
542,2019-11-13 07:22:11,2019-11-13 07:22:14,3.0,go over,1.0,2019-11-13
543,2019-11-13 07:23:15,2019-11-13 07:23:16,1.0,go over,1.0,2019-11-13
544,2019-11-13 07:25:54,2019-11-13 07:25:55,1.0,go over,1.0,2019-11-13
545,2019-11-13 07:46:02,2019-11-13 07:46:03,1.0,go over,1.0,2019-11-13
546,2019-11-13 07:46:52,2019-11-13 07:47:04,12.0,on top,1.0,2019-11-13
547,2019-11-13 07:50:15,2019-11-13 07:50:16,1.0,go over,1.0,2019-11-13
548,2019-11-13 07:57:36,2019-11-13 07:57:41,5.0,go over,1.0,2019-11-13
549,2019-11-13 07:58:37,2019-11-13 07:58:42,5.0,on top,1.0,2019-11-13
550,2019-11-13 08:02:20,2019-11-13 08:02:21,1.0,go over,1.0,2019-11-13
551,2019-11-13 08:02:22,2019-11-13 08:02:43,21.0,on top,1.0,2019-11-13
552,2019-11-13 08:08:05,2019-11-13 08:08:08,3.0,go over,1.0,2019-11-13
553,2019-11-13 08:12:16,2019-11-13 08:12:17,1.0,go over,1.0,2019-11-13
554,2019-11-13 08:45:25,2019-11-13 08:45:26,1.0,go over,1.0,2019-11-13
555,2019-11-13 08:47:39,2019-11-13 08:47:40,1.0,go through,1.0,2019-11-13
556,2019-11-13 09:22:30,2019-11-13 09:22:31,1.0,go over,1.0,2019-11-13
557,2019-11-13 09:37:13,2019-11-13 09:37:19,6.0,"next to, grab",1.0,2019-11-13
558,2019-11-13 09:37:33,2019-11-13 09:37:34,1.0,go over,1.0,2019-11-13
559,2019-11-13 09:48:09,2019-11-13 09:48:10,1.0,go over,1.0,2019-11-13
560,2019-11-13 09:49:52,2019-11-13 09:50:08,16.0,"go through, sit on edge",1.0,2019-11-13
561,2019-11-13 09:55:26,2019-11-13 09:55:28,2.0,go over,1.0,2019-11-13
562,2019-11-13 09:55:53,2019-11-13 09:56:04,11.0,on top,1.0,2019-11-13
563,2019-11-13 10:06:38,2019-11-13 10:06:45,7.0,go through,1.0,2019-11-13
564,2019-11-13 10:20:58,2019-11-13 10:20:59,1.0,go through,1.0,2019-11-13
565,2019-11-13 10:44:07,2019-11-13 10:44:09,2.0,go over,1.0,2019-11-13
566,2019-11-13 11:22:18,2019-11-13 11:22:19,1.0,go through,1.0,2019-11-13
567,2019-11-13 11:31:03,2019-11-13 11:32:41,98.0,on top,1.0,2019-11-13
568,2019-11-13 11:38:40,2019-11-13 11:38:41,1.0,go over,1.0,2019-11-13
569,2019-11-13 11:40:10,2019-11-13 11:40:12,2.0,go over,1.0,2019-11-13
570,2019-11-13 11:47:35,2019-11-13 11:47:41,6.0,go over,1.0,2019-11-13
571,2019-11-13 12:15:58,2019-11-13 12:16:00,2.0,go over,1.0,2019-11-13
572,2019-11-13 12:16:07,2019-11-13 12:16:09,2.0,go through,1.0,2019-11-13
573,2019-11-13 12:38:07,2019-11-13 12:38:08,1.0,go over,1.0,2019-11-13
574,2019-11-13 12:42:02,2019-11-13 12:42:13,11.0,on top,1.0,2019-11-13
575,2019-11-13 12:42:21,2019-11-13 12:42:22,1.0,go over,1.0,2019-11-13
576,2019-11-13 12:46:25,2019-11-13 12:46:28,3.0,go over,1.0,2019-11-13
577,2019-11-13 12:48:21,2019-11-13 12:48:26,5.0,"go through, go over",1.0,2019-11-13
578,2019-11-13 12:49:05,2019-11-13 12:49:09,4.0,on top,1.0,2019-11-13
579,2019-11-13 12:51:30,2019-11-13 12:51:47,17.0,"go through, sit on edge",1.0,2019-11-13
580,2019-11-13 13:16:07,2019-11-13 13:16:27,20.0,on top,1.0,2019-11-13
581,2019-11-13 13:17:36,2019-11-13 13:17:39,3.0,go over,1.0,2019-11-13
582,2019-11-13 13:36:26,2019-11-13 13:37:14,48.0,on top,1.0,2019-11-13
583,2019-11-13 13:39:15,2019-11-13 13:39:16,1.0,go over,1.0,2019-11-13
584,2019-11-13 14:19:40,2019-11-13 14:19:41,1.0,go over,1.0,2019-11-13
585,2019-11-13 14:20:47,2019-11-13 14:20:49,2.0,go over,1.0,2019-11-13
586,2019-11-13 15:05:11,2019-11-13 15:05:12,1.0,go over,1.0,2019-11-13
587,2019-11-13 15:08:17,2019-11-13 15:08:24,7.0,go over,1.0,2019-11-13
588,2019-11-13 15:11:09,2019-11-13 15:18:39,450.0,"on top, groom, go over",1.0,2019-11-13
589,2019-11-13 15:28:28,2019-11-13 15:28:32,4.0,go over,1.0,2019-11-13
590,2019-11-13 15:32:31,2019-11-13 15:32:32,1.0,go over,1.0,2019-11-13
591,2019-11-13 15:52:00,2019-11-13 15:52:01,1.0,go over,1.0,2019-11-13
592,2019-11-13 15:55:17,2019-11-13 15:55:18,1.0,go over,1.0,2019-11-13
593,2019-11-13 15:58:54,2019-11-13 15:58:55,1.0,go over,1.0,2019-11-13
594,2019-11-13 16:01:17,2019-11-13 16:01:18,1.0,go over,1.0,2019-11-13
595,2019-11-13 16:11:18,2019-11-13 16:11:21,3.0,go over,1.0,2019-11-13
596,2019-11-13 16:27:24,2019-11-13 16:27:26,2.0,go over,1.0,2019-11-13
597,2019-11-13 16:43:37,2019-11-13 16:43:47,10.0,go through,1.0,2019-11-13
598,2019-11-13 16:44:24,2019-11-13 16:44:25,1.0,go over,1.0,2019-11-13
599,2019-11-13 16:46:55,2019-11-13 16:46:57,2.0,go over,1.0,2019-11-13
600,2019-11-13 16:53:26,2019-11-13 16:53:28,2.0,go over,1.0,2019-11-13
601,2019-11-13 16:53:52,2019-11-13 16:53:55,3.0,go through,1.0,2019-11-13
602,2019-11-13 16:56:05,2019-11-13 16:56:10,5.0,go over,1.0,2019-11-13
603,2019-11-13 16:56:15,2019-11-13 16:58:13,118.0,"on top, groom",1.0,2019-11-13
604,2019-11-13 17:19:45,2019-11-13 17:19:49,4.0,go over,1.0,2019-11-13
605,2019-11-13 17:57:27,2019-11-13 17:58:37,70.0,on top,1.0,2019-11-13
606,2019-11-14 07:05:33,2019-11-14 07:05:52,19.0,on top,1.0,2019-11-14
607,2019-11-14 07:08:27,2019-11-14 07:09:17,50.0,"on top, shoo",1.0,2019-11-14
608,2019-11-14 07:09:18,2019-11-14 07:09:22,4.0,go over,1.0,2019-11-14
609,2019-11-14 07:14:34,2019-11-14 07:14:38,4.0,go over,1.0,2019-11-14
610,2019-11-14 07:17:20,2019-11-14 07:17:25,5.0,go over,1.0,2019-11-14
611,2019-11-14 07:20:50,2019-11-14 07:21:16,26.0,on top,1.0,2019-11-14
612,2019-11-14 07:32:38,2019-11-14 07:32:42,4.0,go over,1.0,2019-11-14
613,2019-11-14 07:47:04,2019-11-14 07:47:14,10.0,next to,1.0,2019-11-14
614,2019-11-14 07:47:31,2019-11-14 07:47:32,1.0,go over,1.0,2019-11-14
615,2019-11-14 07:47:53,2019-11-14 07:48:05,12.0,"next to, grab",1.0,2019-11-14
616,2019-11-14 07:48:22,2019-11-14 07:48:25,3.0,go over,1.0,2019-11-14
617,2019-11-14 08:10:35,2019-11-14 08:10:36,1.0,go over,1.0,2019-11-14
618,2019-11-14 08:10:37,2019-11-14 08:10:38,1.0,go over,1.0,2019-11-14
619,2019-11-14 08:10:39,2019-11-14 08:10:40,1.0,go over,1.0,2019-11-14
620,2019-11-14 08:27:07,2019-11-14 08:27:08,1.0,go over,1.0,2019-11-14
621,2019-11-14 08:43:27,2019-11-14 08:43:28,1.0,go over,1.0,2019-11-14
622,2019-11-14 08:52:20,2019-11-14 08:52:21,1.0,go over,1.0,2019-11-14
623,2019-11-14 08:56:01,2019-11-14 08:56:44,43.0,on top,1.0,2019-11-14
624,2019-11-14 09:00:10,2019-11-14 09:00:11,1.0,go through,1.0,2019-11-14
625,2019-11-14 09:07:05,2019-11-14 09:07:06,1.0,go over,1.0,2019-11-14
626,2019-11-14 09:34:09,2019-11-14 09:34:10,1.0,go over,1.0,2019-11-14
627,2019-11-14 09:48:45,2019-11-14 09:48:46,1.0,go over,1.0,2019-11-14
628,2019-11-14 09:48:51,2019-11-14 09:48:52,1.0,go over,1.0,2019-11-14
629,2019-11-14 11:15:40,2019-11-14 11:15:41,1.0,go over,1.0,2019-11-14
630,2019-11-14 11:28:49,2019-11-14 11:28:50,1.0,go over,1.0,2019-11-14
631,2019-11-14 11:44:09,2019-11-14 11:44:12,3.0,go over,1.0,2019-11-14
632,2019-11-14 11:47:07,2019-11-14 11:47:44,37.0,on top,1.0,2019-11-14
633,2019-11-14 11:49:47,2019-11-14 11:49:52,5.0,on top,1.0,2019-11-14
634,2019-11-14 12:10:36,2019-11-14 12:10:37,1.0,go over,1.0,2019-11-14
635,2019-11-14 12:19:13,2019-11-14 12:19:29,16.0,"go through, sit on edge",1.0,2019-11-14
636,2019-11-14 12:27:36,2019-11-14 12:27:37,1.0,go over,1.0,2019-11-14
637,2019-11-14 12:35:35,2019-11-14 12:35:44,9.0,on top,1.0,2019-11-14
638,2019-11-14 12:40:08,2019-11-14 12:40:09,1.0,go over,1.0,2019-11-14
639,2019-11-14 13:21:46,2019-11-14 13:21:47,1.0,go over,1.0,2019-11-14
640,2019-11-14 14:27:16,2019-11-14 14:27:17,1.0,go over,1.0,2019-11-14
641,2019-11-14 15:45:28,2019-11-14 15:45:29,1.0,go over,1.0,2019-11-14
642,2019-11-14 15:50:12,2019-11-14 15:50:16,4.0,go over,1.0,2019-11-14
643,2019-11-14 15:50:21,2019-11-14 15:50:25,4.0,go through,1.0,2019-11-14
644,2019-11-14 15:51:49,2019-11-14 15:51:51,2.0,go over,1.0,2019-11-14
645,2019-11-14 15:56:06,2019-11-14 15:56:24,18.0,on top,1.0,2019-11-14
646,2019-11-14 16:03:45,2019-11-14 16:03:46,1.0,go over,1.0,2019-11-14
647,2019-11-14 16:06:16,2019-11-14 16:06:17,1.0,go over,1.0,2019-11-14
648,2019-11-14 16:09:54,2019-11-14 16:09:57,3.0,go over,1.0,2019-11-14
649,2019-11-14 16:10:05,2019-11-14 16:10:07,2.0,go over,1.0,2019-11-14
650,2019-11-14 16:25:35,2019-11-14 16:25:36,1.0,go over,1.0,2019-11-14
651,2019-11-14 16:39:09,2019-11-14 16:39:14,5.0,go through,1.0,2019-11-14
652,2019-11-14 16:47:52,2019-11-14 16:48:13,21.0,"on top, food",1.0,2019-11-14
653,2019-11-14 16:48:16,2019-11-14 16:48:21,5.0,on top,1.0,2019-11-14
654,2019-11-14 16:55:12,2019-11-14 16:55:18,6.0,go over,1.0,2019-11-14
655,2019-11-14 16:57:37,2019-11-14 16:57:50,13.0,go through,1.0,2019-11-14
656,2019-11-14 17:03:17,2019-11-14 17:03:23,6.0,go over,1.0,2019-11-14
657,2019-11-14 17:16:08,2019-11-14 17:16:17,9.0,"on top, go over",2.0,2019-11-14
658,2019-11-14 17:19:09,2019-11-14 17:19:24,15.0,on top,1.0,2019-11-14
659,2019-11-14 17:20:05,2019-11-14 17:20:10,5.0,go through,1.0,2019-11-14
660,2019-11-14 17:32:02,2019-11-14 17:32:03,1.0,go over,1.0,2019-11-14
661,2019-11-14 17:36:27,2019-11-14 17:36:30,3.0,go over,1.0,2019-11-14
662,2019-11-14 17:46:15,2019-11-14 17:46:16,1.0,go over,1.0,2019-11-14
663,2019-11-15 07:04:52,2019-11-15 07:04:57,5.0,go over,1.0,2019-11-15
664,2019-11-15 07:11:37,2019-11-15 07:12:25,48.0,on top,1.0,2019-11-15
665,2019-11-15 07:12:34,2019-11-15 07:12:35,1.0,go over,1.0,2019-11-15
666,2019-11-15 07:14:38,2019-11-15 07:14:39,1.0,go over,1.0,2019-11-15
667,2019-11-15 07:16:27,2019-11-15 07:16:28,1.0,go over,1.0,2019-11-15
668,2019-11-15 07:41:15,2019-11-15 07:41:16,1.0,go over,1.0,2019-11-15
669,2019-11-15 07:41:30,2019-11-15 07:41:32,2.0,"next to, grab",1.0,2019-11-15
670,2019-11-15 07:47:15,2019-11-15 07:47:16,1.0,go over,1.0,2019-11-15
671,2019-11-15 08:03:04,2019-11-15 08:03:05,1.0,go over,1.0,2019-11-15
672,2019-11-15 09:06:41,2019-11-15 09:06:43,2.0,"next to, grab",1.0,2019-11-15
673,2019-11-15 09:07:13,2019-11-15 09:07:14,1.0,go over,1.0,2019-11-15
674,2019-11-15 09:13:27,2019-11-15 09:14:01,34.0,on top,1.0,2019-11-15
675,2019-11-15 09:26:36,2019-11-15 09:26:48,12.0,on top,1.0,2019-11-15
676,2019-11-15 09:29:23,2019-11-15 09:29:33,10.0,on top,1.0,2019-11-15
677,2019-11-15 09:31:18,2019-11-15 09:31:28,10.0,"go through, sit on edge, go over",1.0,2019-11-15
678,2019-11-15 09:58:48,2019-11-15 09:58:52,4.0,go through,1.0,2019-11-15
679,2019-11-15 10:14:07,2019-11-15 10:14:08,1.0,go over,1.0,2019-11-15
680,2019-11-15 10:31:58,2019-11-15 10:31:59,1.0,go over,1.0,2019-11-15
681,2019-11-15 10:34:57,2019-11-15 10:34:58,1.0,go over,1.0,2019-11-15
682,2019-11-15 10:38:08,2019-11-15 10:38:14,6.0,"on top, play",1.0,2019-11-15
683,2019-11-15 10:38:42,2019-11-15 10:38:49,7.0,"on top, next to, grab",1.0,2019-11-15
684,2019-11-15 10:38:49,2019-11-15 10:38:54,5.0,on top,1.0,2019-11-15
685,2019-11-15 10:39:10,2019-11-15 10:39:15,5.0,on top,1.0,2019-11-15
686,2019-11-15 10:39:25,2019-11-15 10:39:48,23.0,"next to, grab, on top",2.0,2019-11-15
687,2019-11-15 10:58:07,2019-11-15 10:58:20,13.0,on top,1.0,2019-11-15
688,2019-11-15 11:06:25,2019-11-15 11:06:28,3.0,go over,1.0,2019-11-15
689,2019-11-15 11:06:40,2019-11-15 11:06:41,1.0,go over,1.0,2019-11-15
690,2019-11-15 11:13:51,2019-11-15 11:13:53,2.0,go over,1.0,2019-11-15
691,2019-11-15 13:05:01,2019-11-15 13:05:03,2.0,go through,1.0,2019-11-15
693,2019-11-15 13:25:06,2019-11-15 13:25:19,13.0,"go through, sit on edge",1.0,2019-11-15
694,2019-11-15 13:31:19,2019-11-15 13:31:20,1.0,go over,1.0,2019-11-15
695,2019-11-15 13:37:56,2019-11-15 13:38:02,6.0,on top,1.0,2019-11-15
696,2019-11-15 13:43:35,2019-11-15 13:43:36,1.0,go over,1.0,2019-11-15
697,2019-11-15 14:12:00,2019-11-15 14:12:02,2.0,go through,1.0,2019-11-15
698,2019-11-15 14:16:50,2019-11-15 14:16:51,1.0,go over,1.0,2019-11-15
699,2019-11-15 16:28:10,2019-11-15 16:28:41,31.0,"on top, groom",1.0,2019-11-15
700,2019-11-15 16:33:49,2019-11-15 16:34:01,12.0,on top,1.0,2019-11-15
701,2019-11-15 16:47:56,2019-11-15 16:47:57,1.0,go over,1.0,2019-11-15
702,2019-11-15 16:50:39,2019-11-15 16:50:42,3.0,go over,1.0,2019-11-15
703,2019-11-15 17:15:27,2019-11-15 17:15:33,6.0,on top,1.0,2019-11-15
704,2019-11-15 18:07:04,2019-11-15 18:07:16,12.0,go over,1.0,2019-11-15
705,2019-11-16 07:21:41,2019-11-16 07:21:47,6.0,on top,1.0,2019-11-16
706,2019-11-16 07:33:45,2019-11-16 07:34:27,42.0,on top,1.0,2019-11-16
707,2019-11-16 08:07:17,2019-11-16 08:07:22,5.0,go over,1.0,2019-11-16
708,2019-11-16 08:07:50,2019-11-16 08:07:54,4.0,on top,1.0,2019-11-16
709,2019-11-16 08:19:57,2019-11-16 08:20:00,3.0,go over,1.0,2019-11-16
710,2019-11-16 11:55:43,2019-11-16 12:04:18,515.0,"on top, food, go through, sit on edge, next to, grab, groom",2.0,2019-11-16
711,2019-11-16 12:04:26,2019-11-16 12:05:01,35.0,"next to, sit on edge, ",1.0,2019-11-16
712,2019-11-16 12:05:05,2019-11-16 12:05:06,1.0,go over,1.0,2019-11-16
713,2019-11-16 12:05:13,2019-11-16 12:05:34,21.0,"go through, sit on edge, on top",2.0,2019-11-16
714,2019-11-16 12:07:15,2019-11-16 12:10:05,170.0,"go through, sit on edge, on top",2.0,2019-11-16
715,2019-11-16 12:27:39,2019-11-16 12:27:47,8.0,"go through, sit on edge",1.0,2019-11-16
716,2019-11-16 13:27:40,2019-11-16 13:27:43,3.0,on top,1.0,2019-11-16
717,2019-11-16 13:38:43,2019-11-16 13:39:04,21.0,"on top, go over",2.0,2019-11-16
718,2019-11-16 13:45:33,2019-11-16 13:45:34,1.0,go over,1.0,2019-11-16
719,2019-11-16 13:48:57,2019-11-16 13:48:58,1.0,go over,1.0,2019-11-16
720,2019-11-16 13:54:58,2019-11-16 13:55:05,7.0,on top,1.0,2019-11-16
721,2019-11-16 14:06:32,2019-11-16 14:06:43,11.0,"go through, sit on edge",1.0,2019-11-16
722,2019-11-16 14:06:48,2019-11-16 14:06:51,3.0,go over,1.0,2019-11-16
723,2019-11-16 14:12:26,2019-11-16 14:12:29,3.0,go over,1.0,2019-11-16
724,2019-11-16 14:12:34,2019-11-16 14:12:35,1.0,go through,1.0,2019-11-16
725,2019-11-16 14:17:07,2019-11-16 14:17:08,1.0,go through,1.0,2019-11-16
726,2019-11-16 14:17:27,2019-11-16 14:17:28,1.0,go over,1.0,2019-11-16
727,2019-11-16 14:31:45,2019-11-16 14:31:52,7.0,on top,1.0,2019-11-16
728,2019-11-16 14:32:04,2019-11-16 14:32:13,9.0,go through,1.0,2019-11-16
729,2019-11-16 14:36:45,2019-11-16 14:36:46,1.0,go over,1.0,2019-11-16
730,2019-11-16 14:36:54,2019-11-16 14:36:55,1.0,go over,1.0,2019-11-16
731,2019-11-16 14:58:12,2019-11-16 14:58:13,1.0,go through,1.0,2019-11-16
732,2019-11-16 15:16:03,2019-11-16 15:16:04,1.0,go over,1.0,2019-11-16
733,2019-11-16 15:20:51,2019-11-16 15:20:52,1.0,go over,1.0,2019-11-16
734,2019-11-16 15:31:27,2019-11-16 15:31:29,2.0,on top,1.0,2019-11-16
735,2019-11-16 15:34:50,2019-11-16 15:34:51,1.0,go over,1.0,2019-11-16
736,2019-11-16 15:37:48,2019-11-16 15:37:52,4.0,go over,1.0,2019-11-16
737,2019-11-16 15:42:49,2019-11-16 15:43:59,70.0,on top,1.0,2019-11-16
738,2019-11-16 15:46:29,2019-11-16 15:46:30,1.0,go over,1.0,2019-11-16
739,2019-11-16 15:50:17,2019-11-16 15:50:18,1.0,go over,1.0,2019-11-16
740,2019-11-16 15:55:53,2019-11-16 15:55:55,2.0,go over,1.0,2019-11-16
741,2019-11-16 16:03:15,2019-11-16 16:03:25,10.0,go over,1.0,2019-11-16
742,2019-11-16 16:04:05,2019-11-16 16:04:08,3.0,go over,1.0,2019-11-16
743,2019-11-16 16:23:26,2019-11-16 16:23:29,3.0,go over,1.0,2019-11-16
744,2019-11-16 16:24:44,2019-11-16 16:24:47,3.0,go over,1.0,2019-11-16
745,2019-11-16 16:28:36,2019-11-16 16:28:42,6.0,go over,1.0,2019-11-16
746,2019-11-16 16:28:42,2019-11-16 16:28:43,1.0,go over,1.0,2019-11-16
747,2019-11-16 17:01:42,2019-11-16 17:01:49,7.0,go over,1.0,2019-11-16
748,2019-11-16 17:12:32,2019-11-16 17:13:02,30.0,on top,1.0,2019-11-16
749,2019-11-17 07:09:36,2019-11-17 07:10:44,68.0,on top,1.0,2019-11-17
750,2019-11-17 07:26:15,2019-11-17 07:26:18,3.0,go through,1.0,2019-11-17
751,2019-11-17 07:35:49,2019-11-17 07:35:50,1.0,go over,1.0,2019-11-17
752,2019-11-17 07:42:29,2019-11-17 07:42:30,1.0,go over,1.0,2019-11-17
753,2019-11-17 07:42:35,2019-11-17 07:42:42,7.0,go over,1.0,2019-11-17
754,2019-11-17 07:43:36,2019-11-17 07:43:37,1.0,go over,1.0,2019-11-17
755,2019-11-17 07:48:22,2019-11-17 07:48:23,1.0,go over,1.0,2019-11-17
756,2019-11-17 07:59:39,2019-11-17 07:59:40,1.0,go over,1.0,2019-11-17
757,2019-11-17 08:00:58,2019-11-17 08:01:00,2.0,go over,1.0,2019-11-17
758,2019-11-17 08:01:22,2019-11-17 08:01:44,22.0,on top,1.0,2019-11-17
759,2019-11-17 08:14:15,2019-11-17 08:14:17,2.0,go through,1.0,2019-11-17
760,2019-11-17 08:29:34,2019-11-17 08:29:44,10.0,on top,1.0,2019-11-17
761,2019-11-17 08:34:02,2019-11-17 08:34:03,1.0,go over,1.0,2019-11-17
762,2019-11-17 08:36:30,2019-11-17 08:36:40,10.0,on top,2.0,2019-11-17
763,2019-11-17 08:39:58,2019-11-17 08:39:59,1.0,go over,1.0,2019-11-17
764,2019-11-17 08:43:38,2019-11-17 08:43:48,10.0,on top,1.0,2019-11-17
765,2019-11-17 09:00:26,2019-11-17 09:00:57,31.0,"go through, sit on edge",1.0,2019-11-17
766,2019-11-17 09:14:00,2019-11-17 09:14:03,3.0,go over,1.0,2019-11-17
767,2019-11-17 09:49:19,2019-11-17 09:49:20,1.0,go over,1.0,2019-11-17
768,2019-11-17 10:53:19,2019-11-17 10:53:22,3.0,on top,1.0,2019-11-17
769,2019-11-17 11:08:42,2019-11-17 11:08:44,2.0,go over,1.0,2019-11-17
770,2019-11-17 11:43:58,2019-11-17 11:44:01,3.0,go over,1.0,2019-11-17
771,2019-11-17 11:54:43,2019-11-17 11:54:44,1.0,go over,1.0,2019-11-17
772,2019-11-17 11:55:39,2019-11-17 11:55:42,3.0,go over,1.0,2019-11-17
773,2019-11-17 12:02:44,2019-11-17 12:02:45,1.0,go over,1.0,2019-11-17
774,2019-11-17 12:22:25,2019-11-17 12:22:26,1.0,go over,1.0,2019-11-17
775,2019-11-17 12:28:40,2019-11-17 12:28:42,2.0,go over,1.0,2019-11-17
776,2019-11-17 13:09:37,2019-11-17 13:09:38,1.0,go over,1.0,2019-11-17
777,2019-11-17 13:24:26,2019-11-17 13:24:27,1.0,go over,1.0,2019-11-17
778,2019-11-17 13:48:11,2019-11-17 13:48:12,1.0,go over,1.0,2019-11-17
779,2019-11-17 13:48:28,2019-11-17 13:48:40,12.0,"go through, sit on edge",1.0,2019-11-17
780,2019-11-17 14:27:34,2019-11-17 14:27:36,2.0,go through,1.0,2019-11-17
781,2019-11-17 14:40:20,2019-11-17 14:40:21,1.0,go over,1.0,2019-11-17
782,2019-11-17 14:43:13,2019-11-17 14:43:19,6.0,on top,1.0,2019-11-17
783,2019-11-17 15:02:14,2019-11-17 15:07:12,298.0,"on top, food",1.0,2019-11-17
784,2019-11-17 15:14:43,2019-11-17 15:14:50,7.0,"on top, food",1.0,2019-11-17
785,2019-11-17 15:15:10,2019-11-17 15:15:12,2.0,go over,1.0,2019-11-17
786,2019-11-17 15:23:53,2019-11-17 15:23:54,1.0,go over,1.0,2019-11-17
787,2019-11-17 15:34:17,2019-11-17 15:34:18,1.0,go over,1.0,2019-11-17
788,2019-11-17 15:36:45,2019-11-17 15:36:50,5.0,go over,1.0,2019-11-17
789,2019-11-17 15:39:23,2019-11-17 15:39:31,8.0,go over,1.0,2019-11-17
790,2019-11-17 15:41:50,2019-11-17 15:41:51,1.0,go through,1.0,2019-11-17
791,2019-11-17 15:42:03,2019-11-17 15:42:32,29.0,on top,1.0,2019-11-17
792,2019-11-17 15:53:50,2019-11-17 15:53:51,1.0,go over,1.0,2019-11-17
793,2019-11-17 15:54:23,2019-11-17 15:54:24,1.0,go over,1.0,2019-11-17
794,2019-11-17 15:57:00,2019-11-17 15:57:05,5.0,go over,1.0,2019-11-17
795,2019-11-17 16:03:56,2019-11-17 16:04:14,18.0,on top,1.0,2019-11-17
796,2019-11-17 16:04:41,2019-11-17 16:04:48,7.0,go over,1.0,2019-11-17
797,2019-11-17 16:08:56,2019-11-17 16:09:19,23.0,on top,1.0,2019-11-17
798,2019-11-17 16:30:36,2019-11-17 16:30:37,1.0,go over,1.0,2019-11-17
799,2019-11-17 16:34:01,2019-11-17 16:34:11,10.0,go over,1.0,2019-11-17
800,2019-11-17 16:44:53,2019-11-17 16:45:21,28.0,on top,1.0,2019-11-17
801,2019-11-17 16:56:28,2019-11-17 16:56:31,3.0,go over,1.0,2019-11-17
802,2019-11-17 17:10:08,2019-11-17 17:10:09,1.0,go over,1.0,2019-11-17
803,2019-11-18 07:06:31,2019-11-18 07:07:26,55.0,on top,1.0,2019-11-18
804,2019-11-18 07:19:03,2019-11-18 07:19:06,3.0,go over,1.0,2019-11-18
805,2019-11-18 07:19:21,2019-11-18 07:19:23,2.0,go over,1.0,2019-11-18
806,2019-11-18 07:21:40,2019-11-18 07:21:41,1.0,go over,1.0,2019-11-18
807,2019-11-18 07:35:23,2019-11-18 07:35:26,3.0,go over,1.0,2019-11-18
808,2019-11-18 07:38:27,2019-11-18 07:39:13,46.0,"go through, sit on edge",1.0,2019-11-18
809,2019-11-18 07:40:20,2019-11-18 07:40:35,15.0,on top,1.0,2019-11-18
810,2019-11-18 07:42:46,2019-11-18 07:42:47,1.0,go over,1.0,2019-11-18
811,2019-11-18 07:44:08,2019-11-18 07:44:09,1.0,go over,1.0,2019-11-18
812,2019-11-18 07:46:34,2019-11-18 07:46:35,1.0,go over,1.0,2019-11-18
813,2019-11-18 07:48:57,2019-11-18 07:48:58,1.0,go over,1.0,2019-11-18
814,2019-11-18 07:49:17,2019-11-18 07:49:19,2.0,go over,1.0,2019-11-18
815,2019-11-18 07:50:39,2019-11-18 07:50:40,1.0,go through,1.0,2019-11-18
816,2019-11-18 07:51:46,2019-11-18 07:51:47,1.0,go over,1.0,2019-11-18
817,2019-11-18 08:01:43,2019-11-18 08:01:44,1.0,go over,1.0,2019-11-18
818,2019-11-18 08:48:32,2019-11-18 08:48:35,3.0,go through,1.0,2019-11-18
819,2019-11-18 08:54:08,2019-11-18 08:54:10,2.0,go over,1.0,2019-11-18
820,2019-11-18 09:03:00,2019-11-18 09:03:08,8.0,go through,1.0,2019-11-18
821,2019-11-18 13:15:41,2019-11-18 13:15:43,2.0,go through,1.0,2019-11-18
822,2019-11-18 13:37:14,2019-11-18 13:37:15,1.0,go through,1.0,2019-11-18
823,2019-11-18 15:19:26,2019-11-18 15:19:28,2.0,go through,1.0,2019-11-18
824,2019-11-18 15:23:02,2019-11-18 15:23:03,1.0,go over,1.0,2019-11-18
825,2019-11-18 15:30:58,2019-11-18 15:31:04,6.0,go over,1.0,2019-11-18
826,2019-11-18 15:35:32,2019-11-18 15:35:33,1.0,go over,1.0,2019-11-18
827,2019-11-18 15:36:30,2019-11-18 15:36:47,17.0,on top,1.0,2019-11-18
828,2019-11-18 15:37:19,2019-11-18 15:37:28,9.0,on top,1.0,2019-11-18
829,2019-11-18 15:37:58,2019-11-18 15:38:00,2.0,go through,1.0,2019-11-18
830,2019-11-18 15:42:02,2019-11-18 15:42:04,2.0,go over,1.0,2019-11-18
831,2019-11-18 15:46:33,2019-11-18 15:46:37,4.0,go over,1.0,2019-11-18
832,2019-11-18 15:48:11,2019-11-18 15:48:29,18.0,on top,1.0,2019-11-18
833,2019-11-18 15:50:24,2019-11-18 15:50:25,1.0,go over,1.0,2019-11-18
834,2019-11-18 15:50:29,2019-11-18 15:50:30,1.0,go over,1.0,2019-11-18
835,2019-11-18 16:04:02,2019-11-18 16:04:03,1.0,go over,1.0,2019-11-18
836,2019-11-18 16:05:13,2019-11-18 16:05:15,2.0,go over,1.0,2019-11-18
837,2019-11-18 16:07:01,2019-11-18 16:07:02,1.0,go over,1.0,2019-11-18
838,2019-11-18 16:15:47,2019-11-18 16:15:49,2.0,go over,1.0,2019-11-18
839,2019-11-18 16:17:28,2019-11-18 16:17:30,2.0,go over,1.0,2019-11-18
840,2019-11-18 16:19:43,2019-11-18 16:19:51,8.0,go over,1.0,2019-11-18
841,2019-11-18 16:41:23,2019-11-18 16:41:26,3.0,go over,1.0,2019-11-18
842,2019-11-18 16:42:03,2019-11-18 16:42:04,1.0,go over,1.0,2019-11-18
843,2019-11-18 16:43:48,2019-11-18 16:43:49,1.0,go over,1.0,2019-11-18
844,2019-11-18 16:47:57,2019-11-18 16:48:05,8.0,go over,1.0,2019-11-18
845,2019-11-18 17:02:35,2019-11-18 17:02:36,1.0,go over,1.0,2019-11-18
846,2019-11-18 17:08:53,2019-11-18 17:08:59,6.0,go over,1.0,2019-11-18
847,2019-11-18 17:08:59,2019-11-18 17:09:08,9.0,go over,1.0,2019-11-18
848,2019-11-19 08:14:56,2019-11-19 08:15:06,10.0,on top,1.0,2019-11-19
849,2019-11-19 08:16:01,2019-11-19 08:16:12,11.0,go over,1.0,2019-11-19
850,2019-11-19 08:16:52,2019-11-19 08:16:57,5.0,go over,1.0,2019-11-19
851,2019-11-19 08:35:38,2019-11-19 08:35:39,1.0,go over,1.0,2019-11-19
852,2019-11-19 09:47:17,2019-11-19 09:47:20,3.0,go over,1.0,2019-11-19
853,2019-11-19 11:14:21,2019-11-19 11:14:22,1.0,go over,1.0,2019-11-19
854,2019-11-19 11:28:48,2019-11-19 11:28:50,2.0,go over,1.0,2019-11-19
855,2019-11-19 11:49:09,2019-11-19 11:49:15,6.0,"Sit on edge, go through",1.0,2019-11-19
856,2019-11-19 12:23:50,2019-11-19 12:24:15,25.0,on top,1.0,2019-11-19
857,2019-11-19 12:24:45,2019-11-19 12:25:00,15.0,on top,1.0,2019-11-19
858,2019-11-19 12:30:57,2019-11-19 12:30:58,1.0,go over,1.0,2019-11-19
859,2019-11-19 12:32:54,2019-11-19 12:32:55,1.0,go over,1.0,2019-11-19
860,2019-11-19 12:33:29,2019-11-19 12:33:42,13.0,on top,1.0,2019-11-19
861,2019-11-19 12:47:20,2019-11-19 12:47:22,2.0,go over,1.0,2019-11-19
862,2019-11-19 12:50:20,2019-11-19 12:50:22,2.0,go over,1.0,2019-11-19
863,2019-11-19 12:55:35,2019-11-19 12:56:00,25.0,on top,1.0,2019-11-19
864,2019-11-19 14:30:53,2019-11-19 14:30:55,2.0,go through,1.0,2019-11-19
865,2019-11-19 14:32:16,2019-11-19 14:32:18,2.0,go over,1.0,2019-11-19
866,2019-11-19 14:40:38,2019-11-19 14:42:54,136.0,"go through, sit on edge, on top, food",1.0,2019-11-19
867,2019-11-19 14:51:16,2019-11-19 14:51:26,10.0,go over,1.0,2019-11-19
868,2019-11-19 14:54:07,2019-11-19 14:54:10,3.0,go over,1.0,2019-11-19
869,2019-11-19 14:56:23,2019-11-19 14:57:06,43.0,on top,1.0,2019-11-19
870,2019-11-19 14:59:04,2019-11-19 14:59:07,3.0,go over,1.0,2019-11-19
871,2019-11-19 15:39:14,2019-11-19 15:39:17,3.0,go through,1.0,2019-11-19
872,2019-11-19 15:45:58,2019-11-19 15:46:00,2.0,go over,1.0,2019-11-19
873,2019-11-19 16:00:05,2019-11-19 16:00:09,4.0,go over,1.0,2019-11-19
874,2019-11-19 16:03:09,2019-11-19 16:03:11,2.0,go over,1.0,2019-11-19
875,2019-11-19 16:10:24,2019-11-19 16:11:43,79.0,on top,1.0,2019-11-19
876,2019-11-19 16:19:33,2019-11-19 16:19:34,1.0,go over,1.0,2019-11-19
877,2019-11-19 16:21:38,2019-11-19 16:21:48,10.0,go over,1.0,2019-11-19
878,2019-11-19 16:22:57,2019-11-19 16:22:59,2.0,go over,1.0,2019-11-19
879,2019-11-19 16:28:57,2019-11-19 16:28:59,2.0,go through,1.0,2019-11-19
880,2019-11-19 16:38:10,2019-11-19 16:38:12,2.0,go over,1.0,2019-11-19
881,2019-11-19 16:44:03,2019-11-19 16:44:09,6.0,go over,1.0,2019-11-19
882,2019-11-20 07:07:42,2019-11-20 07:08:57,75.0,"on top, sit middle, sit on edge",1.0,2019-11-20
883,2019-11-20 07:12:34,2019-11-20 07:12:35,1.0,go over,1.0,2019-11-20
884,2019-11-20 07:13:24,2019-11-20 07:13:26,2.0,go over,1.0,2019-11-20
885,2019-11-20 07:25:49,2019-11-20 07:25:50,1.0,go over,1.0,2019-11-20
886,2019-11-20 07:29:39,2019-11-20 07:29:40,1.0,go over,1.0,2019-11-20
887,2019-11-20 07:33:54,2019-11-20 07:33:56,2.0,go over,1.0,2019-11-20
888,2019-11-20 07:49:14,2019-11-20 07:49:16,2.0,on top,1.0,2019-11-20
889,2019-11-20 07:53:11,2019-11-20 07:53:12,1.0,go over,1.0,2019-11-20
890,2019-11-20 07:53:42,2019-11-20 07:53:55,13.0,on top,1.0,2019-11-20
891,2019-11-20 07:55:05,2019-11-20 07:55:25,20.0,go through,1.0,2019-11-20
892,2019-11-20 08:18:15,2019-11-20 08:18:24,9.0,"on top, play",1.0,2019-11-20
893,2019-11-20 08:19:17,2019-11-20 08:19:18,1.0,go over,1.0,2019-11-20
894,2019-11-20 08:26:15,2019-11-20 08:28:34,139.0,on top,1.0,2019-11-20
895,2019-11-20 11:07:33,2019-11-20 11:07:36,3.0,go over,1.0,2019-11-20
896,2019-11-20 11:09:16,2019-11-20 11:09:20,4.0,go through,1.0,2019-11-20
897,2019-11-20 11:14:10,2019-11-20 11:14:11,1.0,go over,1.0,2019-11-20
898,2019-11-20 11:29:53,2019-11-20 11:29:54,1.0,go over,1.0,2019-11-20
899,2019-11-20 11:33:20,2019-11-20 11:33:23,3.0,go over,1.0,2019-11-20
900,2019-11-20 11:40:19,2019-11-20 11:40:31,12.0,on top,1.0,2019-11-20
901,2019-11-20 11:41:26,2019-11-20 11:42:03,37.0,on top,1.0,2019-11-20
902,2019-11-20 12:20:59,2019-11-20 12:21:00,1.0,go over,1.0,2019-11-20
903,2019-11-20 12:31:21,2019-11-20 12:31:30,9.0,on top,1.0,2019-11-20
904,2019-11-20 12:57:01,2019-11-20 12:57:04,3.0,go over,1.0,2019-11-20
905,2019-11-20 12:57:31,2019-11-20 12:57:38,7.0,"go through, sit on edge, shoo",1.0,2019-11-20
906,2019-11-20 12:57:38,2019-11-20 12:57:41,3.0,go through,1.0,2019-11-20
907,2019-11-20 12:58:29,2019-11-20 12:58:30,1.0,go through,1.0,2019-11-20
908,2019-11-20 13:23:57,2019-11-20 13:23:58,1.0,go over,1.0,2019-11-20
909,2019-11-20 13:25:53,2019-11-20 13:25:59,6.0,go over,1.0,2019-11-20
910,2019-11-20 13:35:45,2019-11-20 13:35:48,3.0,go through,1.0,2019-11-20
911,2019-11-20 13:48:18,2019-11-20 13:49:03,45.0,on top,1.0,2019-11-20
912,2019-11-20 14:12:24,2019-11-20 14:12:25,1.0,go over,1.0,2019-11-20
913,2019-11-20 14:13:04,2019-11-20 14:13:05,1.0,go through,1.0,2019-11-20
914,2019-11-20 14:13:15,2019-11-20 14:13:18,3.0,sit on edge,1.0,2019-11-20
915,2019-11-20 14:52:21,2019-11-20 14:52:23,2.0,go through,1.0,2019-11-20
916,2019-11-20 14:56:05,2019-11-20 14:56:06,1.0,go over,1.0,2019-11-20
917,2019-11-20 14:59:25,2019-11-20 14:59:33,8.0,on top,1.0,2019-11-20
918,2019-11-20 15:15:01,2019-11-20 15:15:05,4.0,go over,1.0,2019-11-20
919,2019-11-20 15:17:36,2019-11-20 15:17:49,13.0,on top,1.0,2019-11-20
920,2019-11-20 15:17:58,2019-11-20 15:17:59,1.0,go through,1.0,2019-11-20
921,2019-11-20 16:05:15,2019-11-20 16:05:15,0.0,go over,1.0,2019-11-20
922,2019-11-20 16:05:30,2019-11-20 16:05:38,8.0,go over,1.0,2019-11-20
923,2019-11-20 16:05:43,2019-11-20 16:05:46,3.0,go over,1.0,2019-11-20
924,2019-11-20 16:16:31,2019-11-20 16:16:32,1.0,go over,1.0,2019-11-20
925,2019-11-20 16:29:55,2019-11-20 16:30:05,10.0,on top,1.0,2019-11-20
926,2019-11-20 16:33:57,2019-11-20 16:34:05,8.0,on top,1.0,2019-11-20
927,2019-11-20 16:58:40,2019-11-20 16:58:41,1.0,go over,1.0,2019-11-20
928,2019-11-20 16:59:53,2019-11-20 16:59:54,1.0,go over,1.0,2019-11-20
929,2019-11-20 17:02:47,2019-11-20 17:02:48,1.0,go over,1.0,2019-11-20
930,2019-11-20 18:49:06,2019-11-20 19:00:00,654.0,on top,1.0,2019-11-20
931,2019-11-21 07:01:46,2019-11-21 07:01:53,7.0,go over,1.0,2019-11-21
932,2019-11-21 07:07:25,2019-11-21 07:07:37,12.0,on top,1.0,2019-11-21
933,2019-11-21 07:08:38,2019-11-21 07:08:40,2.0,go over,1.0,2019-11-21
934,2019-11-21 07:10:06,2019-11-21 07:11:36,90.0,"go through, sit on edge, sit middle, go over",2.0,2019-11-21
935,2019-11-21 07:16:37,2019-11-21 07:26:40,603.0,"on top, sit on edge",1.0,2019-11-21
936,2019-11-21 07:46:47,2019-11-21 07:46:57,10.0,on top,1.0,2019-11-21
937,2019-11-21 07:48:19,2019-11-21 07:48:57,38.0,"on top, groom",1.0,2019-11-21
938,2019-11-21 07:54:49,2019-11-21 07:55:18,29.0,on top,1.0,2019-11-21
939,2019-11-21 07:55:23,2019-11-21 07:55:50,27.0,on top,1.0,2019-11-21
940,2019-11-21 08:09:24,2019-11-21 08:11:25,121.0,"sit middle, sit on edge",2.0,2019-11-21
941,2019-11-21 08:14:53,2019-11-21 08:15:14,21.0,"on top, groom",1.0,2019-11-21
942,2019-11-21 08:19:09,2019-11-21 08:19:10,1.0,go over,1.0,2019-11-21
943,2019-11-21 08:33:13,2019-11-21 08:33:43,30.0,"go through, sit on edge",1.0,2019-11-21
944,2019-11-21 08:36:15,2019-11-21 08:36:17,2.0,go over,1.0,2019-11-21
945,2019-11-21 08:38:38,2019-11-21 08:38:40,2.0,go through,1.0,2019-11-21
946,2019-11-21 08:38:47,2019-11-21 08:38:51,4.0,go over,1.0,2019-11-21
947,2019-11-21 08:39:04,2019-11-21 08:39:07,3.0,go over,1.0,2019-11-21
948,2019-11-21 08:40:25,2019-11-21 08:40:26,1.0,go over,1.0,2019-11-21
949,2019-11-21 08:44:30,2019-11-21 08:44:40,10.0,on top,1.0,2019-11-21
950,2019-11-21 08:45:04,2019-11-21 08:46:21,77.0,on top,1.0,2019-11-21
951,2019-11-21 08:48:12,2019-11-21 08:48:13,1.0,go over,1.0,2019-11-21
952,2019-11-21 09:08:09,2019-11-21 09:08:10,1.0,go through,1.0,2019-11-21
953,2019-11-21 09:13:43,2019-11-21 09:13:44,1.0,go through,1.0,2019-11-21
954,2019-11-21 10:08:02,2019-11-21 10:08:03,1.0,go over,1.0,2019-11-21
955,2019-11-21 11:17:13,2019-11-21 11:17:27,14.0,on top,1.0,2019-11-21
956,2019-11-21 11:17:48,2019-11-21 11:18:13,25.0,on top,1.0,2019-11-21
957,2019-11-21 14:12:17,2019-11-21 14:12:18,1.0,go over,1.0,2019-11-21
958,2019-11-21 14:44:54,2019-11-21 14:44:55,1.0,go over,1.0,2019-11-21
959,2019-11-21 14:46:06,2019-11-21 14:46:07,1.0,go over,1.0,2019-11-21
960,2019-11-21 14:47:31,2019-11-21 14:47:33,2.0,go over,1.0,2019-11-21
961,2019-11-21 14:49:23,2019-11-21 14:49:30,7.0,go over,1.0,2019-11-21
962,2019-11-21 15:04:16,2019-11-21 15:04:21,5.0,go over,1.0,2019-11-21
963,2019-11-21 15:04:27,2019-11-21 15:04:28,1.0,go over,1.0,2019-11-21
964,2019-11-21 15:04:29,2019-11-21 15:05:20,51.0,on top,1.0,2019-11-21
965,2019-11-21 15:06:48,2019-11-21 15:06:49,1.0,go over,1.0,2019-11-21
966,2019-11-21 15:17:13,2019-11-21 15:17:14,1.0,go over,1.0,2019-11-21
967,2019-11-21 15:17:51,2019-11-21 15:17:52,1.0,go over,1.0,2019-11-21
968,2019-11-21 15:18:22,2019-11-21 15:18:24,2.0,go over,1.0,2019-11-21
969,2019-11-21 15:22:32,2019-11-21 15:22:33,1.0,go over,1.0,2019-11-21
970,2019-11-21 15:29:02,2019-11-21 15:29:29,27.0,on top,1.0,2019-11-21
971,2019-11-21 15:39:45,2019-11-21 15:40:01,16.0,on top,1.0,2019-11-21
972,2019-11-21 16:07:14,2019-11-21 16:07:15,1.0,go over,1.0,2019-11-21
973,2019-11-21 16:08:48,2019-11-21 16:08:49,1.0,go over,1.0,2019-11-21
974,2019-11-21 16:13:11,2019-11-21 16:14:28,77.0,"on top, shoo",2.0,2019-11-21
975,2019-11-21 16:23:47,2019-11-21 16:23:48,1.0,go over,1.0,2019-11-21
976,2019-11-21 16:30:38,2019-11-21 16:30:47,9.0,go over,1.0,2019-11-21
977,2019-11-21 16:55:56,2019-11-21 16:56:16,20.0,go over,1.0,2019-11-21
978,2019-11-21 17:12:53,2019-11-21 17:12:59,6.0,go over,1.0,2019-11-21
979,2019-11-21 17:13:02,2019-11-21 17:13:23,21.0,on top,1.0,2019-11-21
980,2019-11-21 17:29:34,2019-11-21 17:30:02,28.0,on top,1.0,2019-11-21
981,2019-11-21 17:38:46,2019-11-21 17:39:08,22.0,on top,1.0,2019-11-21
982,2019-11-21 18:14:45,2019-11-21 18:14:46,1.0,go over,1.0,2019-11-21
983,2019-11-22 08:56:34,2019-11-22 08:56:35,1.0,go over,1.0,2019-11-22
984,2019-11-22 10:07:51,2019-11-22 10:12:22,271.0,"on top, food",1.0,2019-11-22
985,2019-11-22 12:10:58,2019-11-22 12:11:16,18.0,"next to, go over",1.0,2019-11-22
986,2019-11-22 13:28:54,2019-11-22 13:28:55,1.0,go through,1.0,2019-11-22
987,2019-11-22 13:29:07,2019-11-22 13:29:08,1.0,go over,1.0,2019-11-22
988,2019-11-22 14:55:24,2019-11-22 14:55:26,2.0,go through,1.0,2019-11-22
989,2019-11-22 15:33:41,2019-11-22 15:39:18,337.0,"sit middle, groom",2.0,2019-11-22
990,2019-11-22 15:54:50,2019-11-22 15:54:58,8.0,go over,1.0,2019-11-22
991,2019-11-22 15:55:09,2019-11-22 15:55:15,6.0,go over,1.0,2019-11-22
992,2019-11-22 16:33:16,2019-11-22 16:33:43,27.0,go over,1.0,2019-11-22
993,2019-11-23 07:02:42,2019-11-23 07:02:47,5.0,go over,1.0,2019-11-23
994,2019-11-23 07:04:08,2019-11-23 07:04:10,2.0,go over,1.0,2019-11-23
995,2019-11-23 07:05:41,2019-11-23 07:06:27,46.0,sit middle,1.0,2019-11-23
996,2019-11-23 07:08:23,2019-11-23 07:08:24,1.0,go over,1.0,2019-11-23
997,2019-11-23 07:15:13,2019-11-23 07:15:14,1.0,go over,1.0,2019-11-23
998,2019-11-23 07:17:39,2019-11-23 07:18:12,33.0,sit middle,1.0,2019-11-23
999,2019-11-23 07:18:27,2019-11-23 07:18:28,1.0,go over,1.0,2019-11-23
1000,2019-11-23 07:18:47,2019-11-23 07:18:48,1.0,go over,1.0,2019-11-23
1001,2019-11-23 07:28:22,2019-11-23 07:29:01,39.0,"go through, sit on edge",1.0,2019-11-23
1002,2019-11-23 07:30:14,2019-11-23 07:30:17,3.0,go over,1.0,2019-11-23
1003,2019-11-23 07:31:00,2019-11-23 07:31:02,2.0,go over,1.0,2019-11-23
1004,2019-11-23 07:32:02,2019-11-23 07:32:55,53.0,on top,1.0,2019-11-23
1005,2019-11-23 07:39:13,2019-11-23 07:44:28,315.0,"on top, sit middle, sit on edge, go over",2.0,2019-11-23
1006,2019-11-23 07:44:55,2019-11-23 07:44:56,1.0,go over,1.0,2019-11-23
1007,2019-11-23 07:49:08,2019-11-23 07:49:14,6.0,go through,1.0,2019-11-23
1008,2019-11-23 07:51:51,2019-11-23 07:51:52,1.0,go over,1.0,2019-11-23
1009,2019-11-23 08:17:40,2019-11-23 08:17:41,1.0,go over,1.0,2019-11-23
1010,2019-11-23 08:18:30,2019-11-23 08:18:31,1.0,go over,1.0,2019-11-23
1011,2019-11-23 08:31:46,2019-11-23 08:31:51,5.0,go over,1.0,2019-11-23
1012,2019-11-23 09:19:30,2019-11-23 09:19:31,1.0,go over,1.0,2019-11-23
1013,2019-11-23 09:33:44,2019-11-23 09:33:45,1.0,go over,1.0,2019-11-23
1014,2019-11-23 10:00:55,2019-11-23 10:00:56,1.0,go over,1.0,2019-11-23
1015,2019-11-23 10:43:28,2019-11-23 10:43:29,1.0,go over,1.0,2019-11-23
1016,2019-11-23 10:56:33,2019-11-23 10:56:36,3.0,go through,1.0,2019-11-23
1017,2019-11-23 11:56:27,2019-11-23 11:56:34,7.0,go through,1.0,2019-11-23
1018,2019-11-23 12:08:00,2019-11-23 12:08:01,1.0,go over,1.0,2019-11-23
1019,2019-11-23 12:10:37,2019-11-23 12:10:48,11.0,"go through, git on edge",1.0,2019-11-23
1020,2019-11-23 12:26:16,2019-11-23 12:26:18,2.0,go over,1.0,2019-11-23
1021,2019-11-23 12:27:53,2019-11-23 12:27:54,1.0,go over,1.0,2019-11-23
1022,2019-11-23 12:30:22,2019-11-23 12:30:27,5.0,go through,1.0,2019-11-23
1023,2019-11-23 12:38:29,2019-11-23 12:38:41,12.0,on top,1.0,2019-11-23
1024,2019-11-23 12:44:07,2019-11-23 12:44:08,1.0,go over,1.0,2019-11-23
1025,2019-11-23 12:45:25,2019-11-23 12:45:26,1.0,go over,1.0,2019-11-23
1026,2019-11-23 12:52:42,2019-11-23 12:52:43,1.0,go over,1.0,2019-11-23
1027,2019-11-23 13:28:04,2019-11-23 13:28:05,1.0,go over,1.0,2019-11-23
1028,2019-11-23 13:55:11,2019-11-23 13:55:17,6.0,go through,1.0,2019-11-23
1029,2019-11-23 14:02:15,2019-11-23 14:02:16,1.0,go through,1.0,2019-11-23
1030,2019-11-23 14:02:21,2019-11-23 14:02:30,9.0,go over,1.0,2019-11-23
1031,2019-11-23 14:06:07,2019-11-23 14:06:09,2.0,go through,1.0,2019-11-23
1032,2019-11-23 15:16:14,2019-11-23 15:16:15,1.0,go over,1.0,2019-11-23
1033,2019-11-23 15:16:18,2019-11-23 15:16:19,1.0,go over,1.0,2019-11-23
1034,2019-11-23 15:16:31,2019-11-23 15:16:32,1.0,go over,1.0,2019-11-23
1035,2019-11-23 16:07:34,2019-11-23 16:07:44,10.0,go over,1.0,2019-11-23
1036,2019-11-23 16:22:03,2019-11-23 16:22:07,4.0,go over,1.0,2019-11-23
1037,2019-11-23 17:20:17,2019-11-23 17:20:56,39.0,"on top, go through",2.0,2019-11-23
1038,2019-11-23 17:21:14,2019-11-23 17:21:22,8.0,go over,1.0,2019-11-23
1039,2019-11-24 07:03:09,2019-11-24 07:03:16,7.0,go over,1.0,2019-11-24
1040,2019-11-24 07:07:42,2019-11-24 07:07:46,4.0,go over,1.0,2019-11-24
1041,2019-11-24 07:09:32,2019-11-24 07:09:37,5.0,go over,1.0,2019-11-24
1042,2019-11-24 07:11:03,2019-11-24 07:14:56,233.0,"on top, sit middle",1.0,2019-11-24
1043,2019-11-24 07:14:56,2019-11-24 07:15:01,5.0,go over,1.0,2019-11-24
1044,2019-11-24 07:16:34,2019-11-24 07:17:18,44.0,on top,1.0,2019-11-24
1045,2019-11-24 07:20:46,2019-11-24 07:20:52,6.0,go over,1.0,2019-11-24
1046,2019-11-24 07:30:08,2019-11-24 07:30:09,1.0,go through,1.0,2019-11-24
1047,2019-11-24 07:35:02,2019-11-24 07:35:10,8.0,on top,1.0,2019-11-24
1048,2019-11-24 07:27:27,2019-11-24 07:27:28,1.0,go over,1.0,2019-11-24
1049,2019-11-24 07:38:29,2019-11-24 07:38:30,1.0,go over,1.0,2019-11-24
1050,2019-11-24 07:40:08,2019-11-24 07:40:16,8.0,"grab, next to, sit on edge, bite, sit on top, shoo",1.0,2019-11-24
1051,2019-11-24 08:36:59,2019-11-24 08:37:00,1.0,go through,1.0,2019-11-24
1052,2019-11-24 08:39:44,2019-11-24 08:41:04,80.0,"on top, sit on edge",1.0,2019-11-24
1053,2019-11-24 09:05:41,2019-11-24 09:07:35,114.0,"Sit on edge, go through",1.0,2019-11-24
1054,2019-11-24 11:34:32,2019-11-24 11:34:57,25.0,on top,1.0,2019-11-24
1055,2019-11-24 11:57:42,2019-11-24 11:57:43,1.0,go over,1.0,2019-11-24
1056,2019-11-24 12:01:25,2019-11-24 12:01:26,1.0,go through,1.0,2019-11-24
1057,2019-11-24 12:03:38,2019-11-24 12:03:39,1.0,go over,1.0,2019-11-24
1058,2019-11-24 12:04:49,2019-11-24 12:04:50,1.0,go through,1.0,2019-11-24
1059,2019-11-24 12:11:26,2019-11-24 12:11:27,1.0,go through,1.0,2019-11-24
1060,2019-11-24 12:17:53,2019-11-24 12:17:56,3.0,go over,1.0,2019-11-24
1061,2019-11-24 12:44:11,2019-11-24 12:44:12,1.0,go through,1.0,2019-11-24
1062,2019-11-24 12:54:55,2019-11-24 12:55:07,12.0,go through,1.0,2019-11-24
1063,2019-11-24 13:11:11,2019-11-24 13:11:13,2.0,go over,1.0,2019-11-24
1064,2019-11-24 13:15:49,2019-11-24 13:15:50,1.0,go over,1.0,2019-11-24
1065,2019-11-24 13:25:48,2019-11-24 13:25:49,1.0,go over,1.0,2019-11-24
1066,2019-11-24 13:31:36,2019-11-24 13:31:38,2.0,go over,1.0,2019-11-24
1067,2019-11-24 13:48:48,2019-11-24 13:48:49,1.0,go over,1.0,2019-11-24
1068,2019-11-24 13:59:04,2019-11-24 13:59:39,35.0,sit middle,2.0,2019-11-24
1069,2019-11-24 13:59:40,2019-11-24 13:59:42,2.0,go over,1.0,2019-11-24
1070,2019-11-24 14:03:57,2019-11-24 14:04:28,31.0,on top,1.0,2019-11-24
1071,2019-11-24 14:08:31,2019-11-24 14:08:39,8.0,go over,1.0,2019-11-24
1072,2019-11-24 14:09:41,2019-11-24 14:09:42,1.0,go over,1.0,2019-11-24
1073,2019-11-24 14:11:36,2019-11-24 14:11:38,2.0,go over,1.0,2019-11-24
1074,2019-11-24 14:41:42,2019-11-24 14:42:22,40.0,"next to, bite, go through, shoo",2.0,2019-11-24
1075,2019-11-24 15:06:16,2019-11-24 15:06:17,1.0,go over,1.0,2019-11-24
1076,2019-11-24 15:09:17,2019-11-24 15:09:18,1.0,go over,1.0,2019-11-24
1077,2019-11-24 15:20:04,2019-11-24 15:20:10,6.0,go over,1.0,2019-11-24
1078,2019-11-24 15:24:19,2019-11-24 15:24:20,1.0,go over,1.0,2019-11-24
1079,2019-11-24 15:36:29,2019-11-24 15:36:35,6.0,go over,1.0,2019-11-24
1080,2019-11-24 15:48:03,2019-11-24 15:48:22,19.0,go over,1.0,2019-11-24
1081,2019-11-24 16:05:39,2019-11-24 16:05:40,1.0,go over,1.0,2019-11-24
1082,2019-11-24 16:36:08,2019-11-24 16:36:33,25.0,"go through, sit on edge",1.0,2019-11-24
1083,2019-11-24 16:38:33,2019-11-24 16:38:34,1.0,go over,1.0,2019-11-24
1084,2019-11-24 16:49:28,2019-11-24 16:49:30,2.0,go over,1.0,2019-11-24
1085,2019-11-24 17:07:49,2019-11-24 17:16:17,508.0,on top,1.0,2019-11-24
1086,2019-11-24 18:19:22,2019-11-24 19:00:00,2438.0,on top,1.0,2019-11-24
1087,2019-11-25 07:02:48,2019-11-25 07:02:50,2.0,go over,1.0,2019-11-25
1088,2019-11-25 07:06:00,2019-11-25 07:22:19,979.0,"sit on edge, go over, sit middle",2.0,2019-11-25
1089,2019-11-25 07:22:29,2019-11-25 07:22:30,1.0,go over,1.0,2019-11-25
1090,2019-11-25 07:22:54,2019-11-25 07:22:55,1.0,go over,1.0,2019-11-25
1091,2019-11-25 07:33:00,2019-11-25 07:33:02,2.0,go through,1.0,2019-11-25
1092,2019-11-25 07:34:47,2019-11-25 07:34:48,1.0,go over,1.0,2019-11-25
1093,2019-11-25 07:34:51,2019-11-25 07:34:52,1.0,go over,1.0,2019-11-25
1094,2019-11-25 07:39:27,2019-11-25 07:39:28,1.0,go over,1.0,2019-11-25
1095,2019-11-25 07:42:53,2019-11-25 07:42:55,2.0,go over,1.0,2019-11-25
1096,2019-11-25 08:01:04,2019-11-25 08:01:12,8.0,on top,1.0,2019-11-25
1097,2019-11-25 08:18:53,2019-11-25 08:19:27,34.0,sit middle,1.0,2019-11-25
1098,2019-11-25 08:19:38,2019-11-25 08:19:55,17.0,go over,1.0,2019-11-25
1099,2019-11-25 08:30:25,2019-11-25 08:30:30,5.0,go over,1.0,2019-11-25
1100,2019-11-25 08:35:33,2019-11-25 08:35:34,1.0,go over,1.0,2019-11-25
1101,2019-11-25 08:59:23,2019-11-25 08:59:25,2.0,go over,1.0,2019-11-25
1102,2019-11-25 09:01:35,2019-11-25 09:02:16,41.0,on top,1.0,2019-11-25
1103,2019-11-25 09:12:00,2019-11-25 09:12:01,1.0,go over,1.0,2019-11-25
1104,2019-11-25 09:12:12,2019-11-25 09:12:14,2.0,go over,1.0,2019-11-25
1105,2019-11-25 09:43:03,2019-11-25 09:43:06,3.0,go over,1.0,2019-11-25
1106,2019-11-25 09:44:04,2019-11-25 09:44:07,3.0,go over,1.0,2019-11-25
1107,2019-11-25 10:15:03,2019-11-25 10:15:20,17.0,go through,1.0,2019-11-25
1108,2019-11-25 10:24:16,2019-11-25 10:25:15,59.0,on top,1.0,2019-11-25
1109,2019-11-25 10:33:51,2019-11-25 10:33:57,6.0,on top,1.0,2019-11-25
1110,2019-11-25 10:35:14,2019-11-25 10:35:21,7.0,go through,1.0,2019-11-25
1111,2019-11-25 10:35:28,2019-11-25 10:35:41,13.0,on top,1.0,2019-11-25
1112,2019-11-25 10:36:58,2019-11-25 10:37:01,3.0,go through,1.0,2019-11-25
1113,2019-11-25 10:45:11,2019-11-25 10:45:12,1.0,go over,1.0,2019-11-25
1114,2019-11-25 10:54:52,2019-11-25 10:54:53,1.0,go through,1.0,2019-11-25
1115,2019-11-25 12:07:28,2019-11-25 12:07:29,1.0,go over,1.0,2019-11-25
1116,2019-11-25 12:43:55,2019-11-25 12:43:57,2.0,go over,1.0,2019-11-25
1117,2019-11-25 12:44:05,2019-11-25 12:44:38,33.0,"sit middle, sit on edge",1.0,2019-11-25
1118,2019-11-25 12:48:56,2019-11-25 12:49:19,23.0,sit on edge,1.0,2019-11-25
1119,2019-11-25 13:05:21,2019-11-25 13:05:22,1.0,go over,1.0,2019-11-25
1120,2019-11-25 14:08:36,2019-11-25 14:08:37,1.0,go through,1.0,2019-11-25
1121,2019-11-25 14:14:16,2019-11-25 14:14:18,2.0,go over,1.0,2019-11-25
1122,2019-11-25 14:14:19,2019-11-25 14:14:33,14.0,on top,1.0,2019-11-25
1123,2019-11-25 14:40:52,2019-11-25 14:40:53,1.0,go over,1.0,2019-11-25
1124,2019-11-25 14:59:46,2019-11-25 15:02:24,158.0,"next to, grab, bite, go though, sit on edge",2.0,2019-11-25
1125,2019-11-25 15:04:50,2019-11-25 15:04:53,3.0,go over,1.0,2019-11-25
1126,2019-11-25 15:05:32,2019-11-25 15:05:35,3.0,go over,1.0,2019-11-25
1127,2019-11-25 15:06:37,2019-11-25 15:06:40,3.0,go over,1.0,2019-11-25
1128,2019-11-25 15:10:58,2019-11-25 15:11:11,13.0,go over,1.0,2019-11-25
1129,2019-11-25 15:11:31,2019-11-25 15:11:38,7.0,go over,1.0,2019-11-25
1130,2019-11-25 15:11:57,2019-11-25 15:11:58,1.0,go over,1.0,2019-11-25
1131,2019-11-25 16:52:06,2019-11-25 16:52:08,2.0,go over,1.0,2019-11-25
1132,2019-11-25 16:54:08,2019-11-25 16:54:09,1.0,go over,1.0,2019-11-25
1133,2019-11-25 18:48:51,2019-11-25 18:49:00,9.0,go over,1.0,2019-11-25
1134,2019-11-26 07:03:36,2019-11-26 07:03:40,4.0,go through,1.0,2019-11-26
1135,2019-11-26 07:09:28,2019-11-26 07:18:26,538.0,on top,2.0,2019-11-26
1136,2019-11-26 07:27:43,2019-11-26 07:28:03,20.0,on top,1.0,2019-11-26
1137,2019-11-26 07:28:21,2019-11-26 07:30:41,140.0,on top,2.0,2019-11-26
1138,2019-11-26 07:38:23,2019-11-26 07:38:27,4.0,go over,1.0,2019-11-26
1139,2019-11-26 07:39:22,2019-11-26 07:39:28,6.0,go over,1.0,2019-11-26
1140,2019-11-26 07:45:16,2019-11-26 07:46:04,48.0,on top,1.0,2019-11-26
1141,2019-11-26 08:02:50,2019-11-26 08:02:52,2.0,go over,1.0,2019-11-26
1142,2019-11-26 08:21:05,2019-11-26 08:21:06,1.0,go over,1.0,2019-11-26
1143,2019-11-26 08:22:19,2019-11-26 08:22:46,27.0,on top,1.0,2019-11-26
1144,2019-11-26 08:22:51,2019-11-26 08:22:55,4.0,go over,1.0,2019-11-26
1145,2019-11-26 09:20:12,2019-11-26 09:20:14,2.0,go through,1.0,2019-11-26
1146,2019-11-26 09:20:45,2019-11-26 09:20:48,3.0,go over,1.0,2019-11-26
1147,2019-11-26 09:20:55,2019-11-26 09:20:56,1.0,go over,1.0,2019-11-26
1148,2019-11-26 09:23:03,2019-11-26 09:23:05,2.0,go over,1.0,2019-11-26
1149,2019-11-26 09:30:58,2019-11-26 09:30:59,1.0,go over,1.0,2019-11-26
1150,2019-11-26 09:59:40,2019-11-26 09:59:43,3.0,go over,1.0,2019-11-26
1151,2019-11-26 10:33:39,2019-11-26 10:33:40,1.0,go over,1.0,2019-11-26
1152,2019-11-26 10:34:38,2019-11-26 10:34:39,1.0,go over,1.0,2019-11-26
1153,2019-11-26 11:51:29,2019-11-26 12:03:39,730.0,"sit middle, sit on edge",2.0,2019-11-26
