name,i,start,end,duration,date
1. silent,0,2019-12-09 14:13:50,2019-12-09 14:13:51,1,2019-12-09
1. silent,1,2019-12-09 14:18:54,2019-12-09 14:18:58,4,2019-12-09
1. silent,2,2019-12-09 14:38:36,2019-12-09 14:38:50,14,2019-12-09
1. silent,3,2019-12-09 14:40:32,2019-12-09 14:40:34,2,2019-12-09
1. silent,4,2019-12-09 14:45:56,2019-12-09 14:46:00,4,2019-12-09
1. silent,5,2019-12-09 14:49:49,2019-12-09 14:49:53,4,2019-12-09
1. silent,6,2019-12-09 14:49:57,2019-12-09 14:50:00,3,2019-12-09
1. silent,7,2019-12-09 15:08:06,2019-12-09 15:08:10,4,2019-12-09
1. silent,8,2019-12-09 15:08:35,2019-12-09 15:08:46,11,2019-12-09
1. silent,9,2019-12-09 15:29:16,2019-12-09 15:29:29,13,2019-12-09
1. silent,10,2019-12-09 15:33:36,2019-12-09 15:33:40,4,2019-12-09
1. silent,11,2019-12-09 15:50:27,2019-12-09 15:50:30,3,2019-12-09
1. silent,12,2019-12-09 16:34:50,2019-12-09 16:34:55,5,2019-12-09
1. silent,13,2019-12-09 16:35:50,2019-12-09 16:35:57,7,2019-12-09
1. silent,14,2019-12-09 17:08:30,2019-12-09 17:08:41,11,2019-12-09
1. silent,15,2019-12-09 17:26:49,2019-12-09 17:26:55,6,2019-12-09
1. silent,77,2019-12-10 07:02:27,2019-12-10 07:02:28,1,2019-12-10
1. silent,78,2019-12-11 11:56:39,2019-12-11 11:56:44,5,2019-12-11
1. silent,79,2019-12-11 11:56:49,2019-12-11 11:56:51,2,2019-12-11
1. silent,80,2019-12-11 11:57:56,2019-12-11 11:57:58,2,2019-12-11
1. silent,81,2019-12-11 12:03:08,2019-12-11 12:03:10,2,2019-12-11
1. silent,82,2019-12-11 12:22:03,2019-12-11 12:22:05,2,2019-12-11
1. silent,83,2019-12-11 12:25:18,2019-12-11 12:25:19,1,2019-12-11
1. silent,84,2019-12-11 13:46:26,2019-12-11 13:46:28,2,2019-12-11
1. silent,85,2019-12-11 14:11:38,2019-12-11 14:11:39,1,2019-12-11
1. silent,86,2019-12-11 14:14:14,2019-12-11 14:14:16,2,2019-12-11
1. silent,87,2019-12-11 14:24:52,2019-12-11 14:24:54,2,2019-12-11
1. silent,88,2019-12-11 14:28:46,2019-12-11 14:28:48,2,2019-12-11
1. silent,89,2019-12-11 14:29:57,2019-12-11 14:30:01,4,2019-12-11
1. silent,90,2019-12-11 15:23:42,2019-12-11 15:23:43,1,2019-12-11
1. silent,91,2019-12-11 15:33:07,2019-12-11 15:33:11,4,2019-12-11
1. silent,92,2019-12-11 15:37:39,2019-12-11 15:37:41,2,2019-12-11
1. silent,93,2019-12-11 16:08:24,2019-12-11 16:08:25,1,2019-12-11
1. silent,94,2019-12-11 16:14:26,2019-12-11 16:14:34,8,2019-12-11
1. silent,95,2019-12-11 16:18:11,2019-12-11 16:18:44,33,2019-12-11
1. silent,96,2019-12-11 16:52:33,2019-12-11 16:52:37,4,2019-12-11
1. silent,97,2019-12-11 16:52:53,2019-12-11 16:52:56,3,2019-12-11
1. silent,98,2019-12-11 16:57:38,2019-12-11 16:57:40,2,2019-12-11
1. silent,99,2019-12-11 17:07:32,2019-12-11 17:07:33,1,2019-12-11
1. silent,100,2019-12-11 18:01:55,2019-12-11 18:01:56,1,2019-12-11
1. silent,112,2019-12-12 07:04:32,2019-12-12 07:04:34,2,2019-12-12
1. silent,113,2019-12-12 07:04:43,2019-12-12 07:04:44,1,2019-12-12
1. silent,114,2019-12-12 07:12:33,2019-12-12 07:12:53,20,2019-12-12
1. silent,115,2019-12-12 07:16:11,2019-12-12 07:16:17,6,2019-12-12
1. silent,116,2019-12-12 07:17:51,2019-12-12 07:18:05,14,2019-12-12
1. silent,117,2019-12-12 07:18:18,2019-12-12 07:18:40,22,2019-12-12
1. silent,118,2019-12-12 07:18:44,2019-12-12 07:19:08,24,2019-12-12
1. silent,119,2019-12-12 07:41:04,2019-12-12 07:41:14,10,2019-12-12
1. silent,120,2019-12-12 07:42:31,2019-12-12 07:42:38,7,2019-12-12
1. silent,121,2019-12-12 07:44:00,2019-12-12 07:44:09,9,2019-12-12
1. silent,122,2019-12-12 07:46:24,2019-12-12 07:46:25,1,2019-12-12
1. silent,123,2019-12-12 08:42:25,2019-12-12 08:42:28,3,2019-12-12
1. silent,124,2019-12-12 09:25:32,2019-12-12 09:25:41,9,2019-12-12
1. silent,125,2019-12-12 10:38:54,2019-12-12 10:39:21,27,2019-12-12
1. silent,126,2019-12-12 10:42:11,2019-12-12 10:42:13,2,2019-12-12
1. silent,127,2019-12-12 10:44:47,2019-12-12 10:44:50,3,2019-12-12
1. silent,128,2019-12-12 11:12:11,2019-12-12 11:12:13,2,2019-12-12
1. silent,129,2019-12-12 13:38:23,2019-12-12 13:38:45,22,2019-12-12
1. silent,130,2019-12-12 13:53:27,2019-12-12 13:53:31,4,2019-12-12
1. silent,131,2019-12-12 15:02:43,2019-12-12 15:02:50,7,2019-12-12
1. silent,132,2019-12-12 15:06:15,2019-12-12 15:06:16,1,2019-12-12
1. silent,133,2019-12-12 15:18:27,2019-12-12 15:18:33,6,2019-12-12
1. silent,134,2019-12-12 15:18:42,2019-12-12 15:18:48,6,2019-12-12
1. silent,135,2019-12-12 16:09:29,2019-12-12 16:09:32,3,2019-12-12
1. silent,136,2019-12-12 16:31:00,2019-12-12 16:31:06,6,2019-12-12
1. silent,137,2019-12-12 17:04:08,2019-12-12 17:04:13,5,2019-12-12
1. silent,138,2019-12-12 17:49:29,2019-12-12 17:49:30,1,2019-12-12
1. silent,139,2019-12-12 17:56:47,2019-12-12 18:02:16,329,2019-12-12
1. silent,146,2019-12-13 09:01:08,2019-12-13 09:01:15,7,2019-12-13
1. silent,147,2019-12-13 09:20:58,2019-12-13 09:21:00,2,2019-12-13
1. silent,148,2019-12-13 09:52:03,2019-12-13 09:52:06,3,2019-12-13
1. silent,149,2019-12-13 11:45:52,2019-12-13 11:45:53,1,2019-12-13
1. silent,150,2019-12-13 12:37:15,2019-12-13 12:37:18,3,2019-12-13
1. silent,151,2019-12-13 13:26:51,2019-12-13 13:27:08,17,2019-12-13
1. silent,152,2019-12-13 13:27:13,2019-12-13 13:29:39,146,2019-12-13
1. silent,153,2019-12-13 13:29:43,2019-12-13 13:30:00,17,2019-12-13
1. silent,154,2019-12-13 14:43:35,2019-12-13 14:43:40,5,2019-12-13
1. silent,155,2019-12-13 16:25:27,2019-12-13 16:25:30,3,2019-12-13
1. silent,156,2019-12-13 17:18:02,2019-12-13 17:18:07,5,2019-12-13
1. silent,157,2019-12-13 17:58:38,2019-12-13 18:16:10,1052,2019-12-13
1. silent,158,2019-12-14 09:19:32,2019-12-14 09:19:36,4,2019-12-14
1. silent,159,2019-12-14 09:19:56,2019-12-14 09:20:29,33,2019-12-14
1. silent,160,2019-12-14 09:20:58,2019-12-14 09:21:08,10,2019-12-14
1. silent,161,2019-12-14 09:25:26,2019-12-14 09:25:36,10,2019-12-14
1. silent,162,2019-12-14 10:10:13,2019-12-14 10:10:16,3,2019-12-14
1. silent,163,2019-12-14 10:41:00,2019-12-14 10:41:15,15,2019-12-14
1. silent,164,2019-12-14 16:53:31,2019-12-14 16:53:35,4,2019-12-14
1. silent,165,2019-12-14 17:00:37,2019-12-14 17:00:41,4,2019-12-14
1. silent,166,2019-12-14 17:16:13,2019-12-14 17:22:19,366,2019-12-14
1. silent,167,2019-12-14 17:27:07,2019-12-14 17:27:13,6,2019-12-14
1. silent,168,2019-12-14 17:52:33,2019-12-14 17:53:32,59,2019-12-14
1. silent,169,2019-12-14 18:21:02,2019-12-14 18:21:09,7,2019-12-14
1. silent,172,2019-12-15 07:12:50,2019-12-15 07:12:53,3,2019-12-15
1. silent,173,2019-12-15 07:28:09,2019-12-15 07:28:15,6,2019-12-15
1. silent,174,2019-12-15 07:38:15,2019-12-15 07:38:21,6,2019-12-15
1. silent,175,2019-12-15 08:28:50,2019-12-15 08:28:54,4,2019-12-15
1. silent,176,2019-12-15 09:33:56,2019-12-15 09:33:57,1,2019-12-15
1. silent,177,2019-12-15 09:40:28,2019-12-15 09:40:30,2,2019-12-15
1. silent,178,2019-12-15 10:30:35,2019-12-15 10:30:36,1,2019-12-15
1. silent,179,2019-12-15 10:31:23,2019-12-15 10:31:24,1,2019-12-15
1. silent,180,2019-12-15 10:51:52,2019-12-15 10:51:56,4,2019-12-15
1. silent,181,2019-12-15 10:53:24,2019-12-15 10:53:25,1,2019-12-15
1. silent,182,2019-12-15 11:20:02,2019-12-15 11:20:05,3,2019-12-15
1. silent,183,2019-12-15 11:59:54,2019-12-15 11:59:57,3,2019-12-15
1. silent,184,2019-12-15 13:09:29,2019-12-15 13:09:30,1,2019-12-15
1. silent,185,2019-12-15 13:15:09,2019-12-15 13:15:10,1,2019-12-15
1. silent,186,2019-12-15 14:10:24,2019-12-15 14:10:27,3,2019-12-15
1. silent,187,2019-12-15 14:45:18,2019-12-15 14:45:23,5,2019-12-15
1. silent,188,2019-12-15 14:47:03,2019-12-15 14:47:08,5,2019-12-15
1. silent,189,2019-12-15 15:14:17,2019-12-15 15:14:21,4,2019-12-15
1. silent,190,2019-12-15 16:27:51,2019-12-15 16:29:31,100,2019-12-15
1. silent,191,2019-12-15 16:29:54,2019-12-15 16:30:01,7,2019-12-15
1. silent,192,2019-12-15 16:30:10,2019-12-15 16:30:26,16,2019-12-15
1. silent,193,2019-12-15 16:36:37,2019-12-15 16:36:41,4,2019-12-15
1. silent,194,2019-12-15 17:03:13,2019-12-15 17:03:17,4,2019-12-15
1. silent,195,2019-12-15 17:24:56,2019-12-15 17:25:02,6,2019-12-15
2. rain,0,2019-12-16 15:51:11,2019-12-16 15:51:15,4,2019-12-16
2. rain,1,2019-12-16 16:05:05,2019-12-16 16:05:15,10,2019-12-16
2. rain,2,2019-12-16 16:38:46,2019-12-16 16:38:49,3,2019-12-16
2. rain,3,2019-12-16 16:40:21,2019-12-16 16:40:25,4,2019-12-16
2. rain,4,2019-12-16 16:42:30,2019-12-16 16:42:38,8,2019-12-16
2. rain,5,2019-12-16 16:46:01,2019-12-16 16:46:09,8,2019-12-16
2. rain,6,2019-12-16 16:50:09,2019-12-16 16:50:11,2,2019-12-16
2. rain,7,2019-12-16 17:14:56,2019-12-16 17:15:02,6,2019-12-16
2. rain,8,2019-12-17 07:58:50,2019-12-17 07:58:57,7,2019-12-17
2. rain,9,2019-12-17 08:58:12,2019-12-17 08:58:14,2,2019-12-17
2. rain,10,2019-12-17 09:55:20,2019-12-17 09:55:21,1,2019-12-17
2. rain,11,2019-12-17 10:09:34,2019-12-17 10:09:36,2,2019-12-17
2. rain,12,2019-12-17 10:40:33,2019-12-17 10:40:39,6,2019-12-17
2. rain,13,2019-12-17 11:26:56,2019-12-17 11:26:57,1,2019-12-17
2. rain,14,2019-12-17 12:30:16,2019-12-17 12:30:22,6,2019-12-17
2. rain,15,2019-12-17 13:09:33,2019-12-17 13:09:36,3,2019-12-17
2. rain,16,2019-12-17 13:59:02,2019-12-17 13:59:03,1,2019-12-17
2. rain,17,2019-12-17 13:59:11,2019-12-17 13:59:12,1,2019-12-17
2. rain,18,2019-12-17 13:59:18,2019-12-17 13:59:22,4,2019-12-17
2. rain,19,2019-12-17 14:32:00,2019-12-17 14:32:03,3,2019-12-17
2. rain,20,2019-12-17 15:26:48,2019-12-17 15:26:52,4,2019-12-17
2. rain,21,2019-12-17 15:41:46,2019-12-17 15:41:48,2,2019-12-17
2. rain,22,2019-12-17 16:01:38,2019-12-17 16:01:42,4,2019-12-17
2. rain,23,2019-12-17 16:47:18,2019-12-17 16:47:24,6,2019-12-17
2. rain,24,2019-12-17 16:55:51,2019-12-17 16:56:00,9,2019-12-17
2. rain,25,2019-12-17 17:42:55,2019-12-17 17:43:04,9,2019-12-17
2. rain,26,2019-12-18 07:03:50,2019-12-18 07:04:04,14,2019-12-18
2. rain,27,2019-12-18 07:59:20,2019-12-18 07:59:22,2,2019-12-18
2. rain,28,2019-12-18 08:18:14,2019-12-18 08:18:16,2,2019-12-18
2. rain,29,2019-12-18 08:39:31,2019-12-18 08:39:33,2,2019-12-18
2. rain,30,2019-12-18 09:00:37,2019-12-18 09:00:39,2,2019-12-18
2. rain,31,2019-12-18 09:07:27,2019-12-18 09:07:28,1,2019-12-18
2. rain,32,2019-12-18 09:41:21,2019-12-18 09:41:25,4,2019-12-18
2. rain,33,2019-12-18 10:22:52,2019-12-18 10:22:58,6,2019-12-18
2. rain,34,2019-12-18 10:24:53,2019-12-18 10:24:56,3,2019-12-18
2. rain,35,2019-12-18 11:53:09,2019-12-18 11:53:10,1,2019-12-18
2. rain,36,2019-12-18 13:21:32,2019-12-18 13:21:34,2,2019-12-18
2. rain,37,2019-12-18 16:25:40,2019-12-18 16:25:44,4,2019-12-18
2. rain,38,2019-12-18 16:32:55,2019-12-18 16:32:58,3,2019-12-18
2. rain,39,2019-12-18 16:33:50,2019-12-18 16:33:54,4,2019-12-18
2. rain,40,2019-12-18 16:36:56,2019-12-18 16:37:01,5,2019-12-18
2. rain,41,2019-12-18 16:39:22,2019-12-18 16:39:28,6,2019-12-18
2. rain,42,2019-12-18 16:40:01,2019-12-18 16:40:05,4,2019-12-18
2. rain,43,2019-12-20 11:12:45,2019-12-20 11:12:53,8,2019-12-20
2. rain,44,2019-12-20 11:30:26,2019-12-20 11:30:27,1,2019-12-20
2. rain,45,2019-12-20 11:32:09,2019-12-20 11:32:11,2,2019-12-20
2. rain,46,2019-12-20 12:18:01,2019-12-20 12:18:05,4,2019-12-20
2. rain,47,2019-12-20 12:18:35,2019-12-20 12:18:40,5,2019-12-20
2. rain,48,2019-12-20 12:33:24,2019-12-20 12:33:36,12,2019-12-20
2. rain,49,2019-12-20 13:06:33,2019-12-20 13:06:35,2,2019-12-20
2. rain,50,2019-12-20 13:58:04,2019-12-20 13:58:08,4,2019-12-20
2. rain,51,2019-12-20 14:04:31,2019-12-20 14:04:32,1,2019-12-20
2. rain,52,2019-12-20 14:40:05,2019-12-20 14:40:07,2,2019-12-20
2. rain,53,2019-12-20 14:43:06,2019-12-20 14:43:11,5,2019-12-20
2. rain,54,2019-12-20 14:43:19,2019-12-20 14:43:20,1,2019-12-20
2. rain,55,2019-12-20 15:02:52,2019-12-20 15:02:55,3,2019-12-20
2. rain,56,2019-12-20 15:04:22,2019-12-20 15:04:28,6,2019-12-20
2. rain,57,2019-12-20 15:36:36,2019-12-20 15:36:46,10,2019-12-20
2. rain,58,2019-12-20 15:44:33,2019-12-20 15:44:35,2,2019-12-20
2. rain,59,2019-12-20 17:22:45,2019-12-20 17:22:50,5,2019-12-20
2. rain,61,2019-12-21 08:37:15,2019-12-21 08:37:27,12,2019-12-21
2. rain,62,2019-12-21 08:38:06,2019-12-21 08:38:17,11,2019-12-21
2. rain,63,2019-12-21 09:18:06,2019-12-21 09:18:09,3,2019-12-21
2. rain,64,2019-12-21 09:27:21,2019-12-21 09:27:30,9,2019-12-21
2. rain,65,2019-12-21 09:29:53,2019-12-21 09:30:01,8,2019-12-21
2. rain,66,2019-12-21 09:38:38,2019-12-21 09:38:44,6,2019-12-21
2. rain,67,2019-12-21 09:44:26,2019-12-21 09:44:33,7,2019-12-21
2. rain,68,2019-12-21 09:56:13,2019-12-21 09:56:17,4,2019-12-21
2. rain,69,2019-12-21 09:56:59,2019-12-21 09:57:01,2,2019-12-21
2. rain,70,2019-12-21 09:58:43,2019-12-21 09:58:46,3,2019-12-21
2. rain,71,2019-12-21 09:58:56,2019-12-21 09:59:08,12,2019-12-21
2. rain,72,2019-12-21 09:59:24,2019-12-21 09:59:33,9,2019-12-21
2. rain,73,2019-12-21 10:01:16,2019-12-21 10:01:24,8,2019-12-21
2. rain,74,2019-12-21 10:10:49,2019-12-21 10:10:51,2,2019-12-21
2. rain,75,2019-12-21 10:14:51,2019-12-21 10:14:53,2,2019-12-21
2. rain,76,2019-12-21 10:18:29,2019-12-21 10:18:30,1,2019-12-21
2. rain,77,2019-12-21 10:27:17,2019-12-21 10:27:23,6,2019-12-21
2. rain,78,2019-12-21 10:33:12,2019-12-21 10:33:13,1,2019-12-21
2. rain,79,2019-12-21 11:12:09,2019-12-21 11:12:11,2,2019-12-21
2. rain,80,2019-12-21 12:04:45,2019-12-21 12:05:00,15,2019-12-21
2. rain,81,2019-12-21 12:05:10,2019-12-21 12:06:20,70,2019-12-21
2. rain,82,2019-12-21 12:06:35,2019-12-21 12:06:37,2,2019-12-21
2. rain,83,2019-12-21 12:07:48,2019-12-21 12:07:49,1,2019-12-21
2. rain,84,2019-12-21 12:07:57,2019-12-21 12:07:59,2,2019-12-21
2. rain,85,2019-12-21 12:08:12,2019-12-21 12:10:08,116,2019-12-21
2. rain,86,2019-12-21 12:11:15,2019-12-21 12:11:41,26,2019-12-21
2. rain,87,2019-12-21 12:12:03,2019-12-21 12:12:09,6,2019-12-21
2. rain,88,2019-12-21 12:12:45,2019-12-21 12:12:55,10,2019-12-21
2. rain,89,2019-12-21 12:13:07,2019-12-21 12:13:22,15,2019-12-21
2. rain,90,2019-12-21 12:48:25,2019-12-21 12:48:29,4,2019-12-21
2. rain,91,2019-12-21 13:01:52,2019-12-21 13:01:53,1,2019-12-21
2. rain,92,2019-12-21 13:10:45,2019-12-21 13:10:48,3,2019-12-21
2. rain,93,2019-12-21 13:30:43,2019-12-21 13:30:50,7,2019-12-21
2. rain,94,2019-12-21 13:41:33,2019-12-21 13:41:42,9,2019-12-21
2. rain,95,2019-12-21 13:46:31,2019-12-21 13:46:33,2,2019-12-21
2. rain,96,2019-12-21 14:07:10,2019-12-21 14:07:18,8,2019-12-21
2. rain,97,2019-12-21 14:33:26,2019-12-21 14:33:34,8,2019-12-21
2. rain,98,2019-12-21 14:44:47,2019-12-21 14:44:49,2,2019-12-21
2. rain,99,2019-12-21 14:53:35,2019-12-21 14:53:36,1,2019-12-21
2. rain,100,2019-12-21 14:57:10,2019-12-21 14:57:11,1,2019-12-21
2. rain,101,2019-12-21 15:02:29,2019-12-21 15:02:46,17,2019-12-21
2. rain,102,2019-12-21 15:30:51,2019-12-21 15:31:00,9,2019-12-21
2. rain,103,2019-12-21 15:53:43,2019-12-21 15:53:47,4,2019-12-21
2. rain,104,2019-12-21 16:13:05,2019-12-21 16:13:06,1,2019-12-21
2. rain,106,2019-12-22 07:05:46,2019-12-22 07:06:07,21,2019-12-22
2. rain,107,2019-12-22 07:09:22,2019-12-22 07:09:27,5,2019-12-22
2. rain,108,2019-12-22 07:09:42,2019-12-22 07:09:44,2,2019-12-22
2. rain,109,2019-12-22 07:54:55,2019-12-22 07:54:56,1,2019-12-22
2. rain,110,2019-12-22 07:55:27,2019-12-22 07:55:29,2,2019-12-22
2. rain,111,2019-12-22 07:59:38,2019-12-22 07:59:40,2,2019-12-22
2. rain,112,2019-12-22 08:04:52,2019-12-22 08:04:57,5,2019-12-22
2. rain,113,2019-12-22 08:19:39,2019-12-22 08:20:15,36,2019-12-22
2. rain,114,2019-12-22 08:20:25,2019-12-22 08:20:28,3,2019-12-22
2. rain,115,2019-12-22 08:20:40,2019-12-22 08:21:31,51,2019-12-22
2. rain,116,2019-12-22 08:24:55,2019-12-22 08:24:57,2,2019-12-22
2. rain,117,2019-12-22 08:33:08,2019-12-22 08:33:10,2,2019-12-22
2. rain,118,2019-12-22 08:53:01,2019-12-22 08:53:04,3,2019-12-22
2. rain,119,2019-12-22 10:36:40,2019-12-22 10:36:41,1,2019-12-22
2. rain,120,2019-12-22 12:02:39,2019-12-22 12:02:45,6,2019-12-22
2. rain,121,2019-12-22 12:05:27,2019-12-22 12:05:28,1,2019-12-22
2. rain,122,2019-12-22 12:46:05,2019-12-22 12:46:06,1,2019-12-22
2. rain,123,2019-12-22 13:33:26,2019-12-22 13:33:29,3,2019-12-22
2. rain,124,2019-12-22 13:40:39,2019-12-22 13:40:56,17,2019-12-22
2. rain,125,2019-12-22 13:42:26,2019-12-22 13:42:27,1,2019-12-22
2. rain,126,2019-12-22 13:42:47,2019-12-22 13:42:55,8,2019-12-22
2. rain,127,2019-12-22 13:43:08,2019-12-22 13:43:26,18,2019-12-22
2. rain,128,2019-12-22 13:45:11,2019-12-22 13:45:17,6,2019-12-22
2. rain,129,2019-12-22 14:27:19,2019-12-22 14:27:26,7,2019-12-22
2. rain,130,2019-12-22 14:41:50,2019-12-22 14:42:01,11,2019-12-22
2. rain,131,2019-12-22 14:48:16,2019-12-22 14:48:20,4,2019-12-22
2. rain,132,2019-12-22 14:58:59,2019-12-22 14:59:02,3,2019-12-22
2. rain,133,2019-12-22 15:10:23,2019-12-22 15:10:27,4,2019-12-22
2. rain,134,2019-12-22 15:12:45,2019-12-22 15:12:51,6,2019-12-22
2. rain,135,2019-12-22 15:17:35,2019-12-22 15:17:37,2,2019-12-22
2. rain,136,2019-12-22 16:32:37,2019-12-22 16:32:45,8,2019-12-22
2. rain,137,2019-12-22 16:36:57,2019-12-22 16:37:00,3,2019-12-22
2. rain,138,2019-12-22 16:53:04,2019-12-22 16:53:12,8,2019-12-22
2. rain,139,2019-12-22 17:03:00,2019-12-22 17:03:04,4,2019-12-22
2. rain,140,2019-12-22 17:11:12,2019-12-22 17:11:23,11,2019-12-22
2. rain,141,2019-12-23 07:52:00,2019-12-23 07:52:03,3,2019-12-23
2. rain,142,2019-12-23 08:38:08,2019-12-23 08:38:11,3,2019-12-23
2. rain,143,2019-12-23 08:53:14,2019-12-23 08:53:15,1,2019-12-23
2. rain,144,2019-12-23 09:17:29,2019-12-23 09:17:33,4,2019-12-23
2. rain,145,2019-12-23 09:43:36,2019-12-23 09:43:37,1,2019-12-23
2. rain,146,2019-12-23 10:01:30,2019-12-23 10:01:31,1,2019-12-23
2. rain,147,2019-12-23 10:13:57,2019-12-23 10:13:59,2,2019-12-23
2. rain,148,2019-12-23 10:32:54,2019-12-23 10:32:57,3,2019-12-23
2. rain,149,2019-12-23 10:42:32,2019-12-23 10:42:34,2,2019-12-23
2. rain,150,2019-12-23 10:43:27,2019-12-23 10:43:28,1,2019-12-23
2. rain,151,2019-12-23 11:01:33,2019-12-23 11:01:34,1,2019-12-23
2. rain,152,2019-12-23 11:24:05,2019-12-23 11:24:08,3,2019-12-23
2. rain,153,2019-12-23 11:40:17,2019-12-23 11:40:31,14,2019-12-23
2. rain,154,2019-12-23 11:45:53,2019-12-23 11:46:02,9,2019-12-23
2. rain,155,2019-12-23 11:57:29,2019-12-23 11:57:32,3,2019-12-23
2. rain,156,2019-12-23 12:20:19,2019-12-23 12:20:24,5,2019-12-23
2. rain,157,2019-12-23 13:43:09,2019-12-23 13:43:11,2,2019-12-23
2. rain,158,2019-12-23 13:47:11,2019-12-23 13:47:13,2,2019-12-23
2. rain,159,2019-12-23 13:55:50,2019-12-23 13:55:53,3,2019-12-23
2. rain,160,2019-12-23 14:03:41,2019-12-23 14:03:47,6,2019-12-23
2. rain,161,2019-12-23 14:11:20,2019-12-23 14:11:22,2,2019-12-23
2. rain,162,2019-12-23 14:23:45,2019-12-23 14:23:54,9,2019-12-23
2. rain,163,2019-12-23 14:25:24,2019-12-23 14:25:28,4,2019-12-23
2. rain,164,2019-12-23 14:29:24,2019-12-23 14:29:25,1,2019-12-23
2. rain,165,2019-12-23 14:42:40,2019-12-23 14:42:41,1,2019-12-23
2. rain,166,2019-12-23 14:54:52,2019-12-23 14:54:57,5,2019-12-23
2. rain,167,2019-12-23 14:55:24,2019-12-23 14:55:25,1,2019-12-23
2. rain,168,2019-12-23 14:55:34,2019-12-23 14:55:36,2,2019-12-23
2. rain,169,2019-12-23 15:02:43,2019-12-23 15:02:46,3,2019-12-23
2. rain,170,2019-12-23 15:51:59,2019-12-23 15:52:01,2,2019-12-23
2. rain,171,2019-12-23 16:05:14,2019-12-23 16:05:18,4,2019-12-23
2. rain,172,2019-12-23 16:07:26,2019-12-23 16:07:27,1,2019-12-23
2. rain,173,2019-12-23 16:34:31,2019-12-23 16:34:33,2,2019-12-23
2. rain,174,2019-12-23 17:29:59,2019-12-23 17:30:03,4,2019-12-23
3. zen,0,2019-12-27 13:24:10,2019-12-27 13:24:12,2,2019-12-27
3. zen,1,2019-12-27 13:52:59,2019-12-27 13:53:00,1,2019-12-27
3. zen,2,2019-12-27 13:55:12,2019-12-27 13:55:15,3,2019-12-27
3. zen,3,2019-12-27 13:56:58,2019-12-27 13:58:37,99,2019-12-27
3. zen,4,2019-12-27 13:58:42,2019-12-27 13:58:52,10,2019-12-27
3. zen,5,2019-12-27 14:35:32,2019-12-27 14:35:37,5,2019-12-27
3. zen,6,2019-12-27 14:37:19,2019-12-27 14:37:22,3,2019-12-27
3. zen,7,2019-12-27 14:38:21,2019-12-27 14:38:26,5,2019-12-27
3. zen,8,2019-12-27 14:38:43,2019-12-27 14:38:50,7,2019-12-27
3. zen,9,2019-12-27 14:55:39,2019-12-27 14:55:43,4,2019-12-27
3. zen,10,2019-12-27 15:00:19,2019-12-27 15:00:27,8,2019-12-27
3. zen,11,2019-12-27 15:08:02,2019-12-27 15:08:03,1,2019-12-27
3. zen,12,2019-12-27 16:31:43,2019-12-27 16:31:52,9,2019-12-27
3. zen,13,2019-12-27 16:42:33,2019-12-27 16:42:37,4,2019-12-27
3. zen,14,2019-12-27 17:16:44,2019-12-27 17:16:48,4,2019-12-27
3. zen,16,2019-12-28 07:07:19,2019-12-28 07:07:45,26,2019-12-28
3. zen,17,2019-12-28 07:31:02,2019-12-28 07:31:13,11,2019-12-28
3. zen,18,2019-12-28 07:48:28,2019-12-28 07:48:29,1,2019-12-28
3. zen,19,2019-12-28 08:44:54,2019-12-28 08:44:55,1,2019-12-28
3. zen,20,2019-12-28 08:49:28,2019-12-28 08:49:30,2,2019-12-28
3. zen,21,2019-12-28 08:53:27,2019-12-28 08:53:28,1,2019-12-28
3. zen,22,2019-12-28 10:35:22,2019-12-28 10:35:23,1,2019-12-28
3. zen,23,2019-12-28 10:55:45,2019-12-28 10:55:46,1,2019-12-28
3. zen,24,2019-12-28 10:57:05,2019-12-28 10:57:11,6,2019-12-28
3. zen,25,2019-12-28 10:58:20,2019-12-28 10:58:23,3,2019-12-28
3. zen,26,2019-12-28 11:30:57,2019-12-28 11:31:06,9,2019-12-28
3. zen,27,2019-12-28 11:34:56,2019-12-28 11:34:59,3,2019-12-28
3. zen,28,2019-12-28 12:05:50,2019-12-28 12:05:51,1,2019-12-28
3. zen,29,2019-12-28 12:14:27,2019-12-28 12:14:28,1,2019-12-28
3. zen,30,2019-12-28 12:48:34,2019-12-28 12:48:37,3,2019-12-28
3. zen,31,2019-12-28 14:00:24,2019-12-28 14:00:25,1,2019-12-28
3. zen,32,2019-12-28 14:15:59,2019-12-28 14:16:01,2,2019-12-28
3. zen,33,2019-12-28 14:16:08,2019-12-28 14:16:10,2,2019-12-28
3. zen,34,2019-12-28 14:16:31,2019-12-28 14:16:35,4,2019-12-28
3. zen,35,2019-12-28 14:18:11,2019-12-28 14:18:20,9,2019-12-28
3. zen,36,2019-12-28 14:21:22,2019-12-28 14:21:25,3,2019-12-28
3. zen,37,2019-12-28 14:34:14,2019-12-28 14:34:16,2,2019-12-28
3. zen,38,2019-12-28 15:39:26,2019-12-28 15:39:29,3,2019-12-28
3. zen,39,2019-12-28 16:04:23,2019-12-28 16:04:28,5,2019-12-28
3. zen,40,2019-12-28 16:21:33,2019-12-28 16:21:40,7,2019-12-28
3. zen,44,2019-12-29 07:06:35,2019-12-29 07:06:38,3,2019-12-29
3. zen,45,2019-12-29 07:13:48,2019-12-29 07:14:56,68,2019-12-29
3. zen,46,2019-12-29 07:15:17,2019-12-29 07:15:20,3,2019-12-29
3. zen,47,2019-12-29 07:21:25,2019-12-29 07:22:47,82,2019-12-29
3. zen,48,2019-12-29 07:23:20,2019-12-29 07:25:41,141,2019-12-29
3. zen,49,2019-12-29 07:30:37,2019-12-29 07:30:57,20,2019-12-29
3. zen,50,2019-12-29 07:35:52,2019-12-29 07:35:54,2,2019-12-29
3. zen,51,2019-12-29 07:47:36,2019-12-29 07:47:37,1,2019-12-29
3. zen,52,2019-12-29 07:47:56,2019-12-29 07:47:58,2,2019-12-29
3. zen,53,2019-12-29 07:55:32,2019-12-29 07:55:33,1,2019-12-29
3. zen,54,2019-12-29 07:55:52,2019-12-29 07:55:53,1,2019-12-29
3. zen,55,2019-12-29 08:18:10,2019-12-29 08:18:12,2,2019-12-29
3. zen,56,2019-12-29 08:18:17,2019-12-29 08:18:19,2,2019-12-29
3. zen,57,2019-12-29 08:26:05,2019-12-29 08:26:08,3,2019-12-29
3. zen,58,2019-12-29 09:12:50,2019-12-29 09:12:54,4,2019-12-29
3. zen,59,2019-12-29 10:17:26,2019-12-29 10:17:27,1,2019-12-29
3. zen,60,2019-12-29 10:26:07,2019-12-29 10:26:10,3,2019-12-29
3. zen,61,2019-12-29 10:49:15,2019-12-29 10:49:16,1,2019-12-29
3. zen,62,2019-12-29 11:20:10,2019-12-29 11:20:11,1,2019-12-29
3. zen,63,2019-12-29 12:04:44,2019-12-29 12:04:45,1,2019-12-29
3. zen,64,2019-12-29 12:37:18,2019-12-29 12:37:19,1,2019-12-29
3. zen,65,2019-12-29 12:51:59,2019-12-29 12:52:01,2,2019-12-29
3. zen,66,2019-12-29 12:55:01,2019-12-29 12:55:14,13,2019-12-29
3. zen,67,2019-12-29 12:55:21,2019-12-29 12:55:31,10,2019-12-29
3. zen,68,2019-12-29 13:34:01,2019-12-29 13:34:03,2,2019-12-29
3. zen,69,2019-12-29 13:35:56,2019-12-29 13:35:57,1,2019-12-29
3. zen,70,2019-12-29 14:18:31,2019-12-29 14:18:32,1,2019-12-29
3. zen,71,2019-12-29 14:37:44,2019-12-29 14:37:59,15,2019-12-29
3. zen,72,2019-12-29 15:06:08,2019-12-29 15:06:09,1,2019-12-29
3. zen,73,2019-12-29 15:07:23,2019-12-29 15:07:24,1,2019-12-29
3. zen,74,2019-12-29 15:12:13,2019-12-29 15:12:17,4,2019-12-29
3. zen,75,2019-12-29 15:46:29,2019-12-29 15:46:31,2,2019-12-29
3. zen,76,2019-12-29 15:57:11,2019-12-29 15:57:39,28,2019-12-29
3. zen,77,2019-12-29 15:57:46,2019-12-29 15:57:51,5,2019-12-29
3. zen,78,2019-12-30 07:07:01,2019-12-30 07:07:03,2,2019-12-30
3. zen,79,2019-12-30 07:08:11,2019-12-30 07:08:12,1,2019-12-30
3. zen,80,2019-12-30 07:22:57,2019-12-30 07:22:58,1,2019-12-30
3. zen,81,2019-12-30 07:28:43,2019-12-30 07:28:45,2,2019-12-30
3. zen,82,2019-12-30 07:30:10,2019-12-30 07:30:38,28,2019-12-30
3. zen,83,2019-12-30 07:34:56,2019-12-30 07:34:59,3,2019-12-30
3. zen,84,2019-12-30 07:46:07,2019-12-30 07:46:08,1,2019-12-30
3. zen,85,2019-12-30 07:56:49,2019-12-30 07:56:50,1,2019-12-30
3. zen,86,2019-12-30 08:10:38,2019-12-30 08:10:41,3,2019-12-30
3. zen,87,2019-12-30 08:26:19,2019-12-30 08:26:20,1,2019-12-30
3. zen,88,2019-12-30 08:51:46,2019-12-30 08:51:48,2,2019-12-30
3. zen,89,2019-12-30 09:16:39,2019-12-30 09:16:42,3,2019-12-30
3. zen,90,2019-12-30 09:30:47,2019-12-30 09:30:49,2,2019-12-30
3. zen,91,2019-12-30 09:37:17,2019-12-30 09:37:18,1,2019-12-30
3. zen,92,2019-12-30 09:53:38,2019-12-30 09:53:43,5,2019-12-30
3. zen,93,2019-12-30 09:59:55,2019-12-30 09:59:57,2,2019-12-30
3. zen,94,2019-12-30 10:00:03,2019-12-30 10:00:04,1,2019-12-30
3. zen,95,2019-12-30 10:01:50,2019-12-30 10:01:52,2,2019-12-30
3. zen,96,2019-12-30 10:11:36,2019-12-30 10:11:37,1,2019-12-30
3. zen,97,2019-12-30 11:07:04,2019-12-30 11:07:06,2,2019-12-30
3. zen,98,2019-12-30 11:22:16,2019-12-30 11:22:17,1,2019-12-30
3. zen,99,2019-12-30 11:40:15,2019-12-30 11:40:53,38,2019-12-30
3. zen,100,2019-12-30 11:43:17,2019-12-30 11:43:18,1,2019-12-30
3. zen,101,2019-12-30 13:02:36,2019-12-30 13:02:37,1,2019-12-30
3. zen,102,2019-12-30 13:10:47,2019-12-30 13:10:49,2,2019-12-30
3. zen,103,2019-12-30 13:27:59,2019-12-30 13:28:02,3,2019-12-30
3. zen,104,2019-12-30 13:31:16,2019-12-30 13:31:18,2,2019-12-30
3. zen,105,2019-12-30 13:49:46,2019-12-30 13:49:50,4,2019-12-30
3. zen,106,2019-12-30 14:11:47,2019-12-30 14:11:53,6,2019-12-30
3. zen,107,2019-12-30 14:12:01,2019-12-30 14:12:02,1,2019-12-30
3. zen,108,2019-12-30 14:12:14,2019-12-30 14:12:28,14,2019-12-30
3. zen,109,2019-12-30 14:12:34,2019-12-30 14:13:08,34,2019-12-30
3. zen,110,2019-12-30 14:13:13,2019-12-30 14:13:16,3,2019-12-30
3. zen,111,2019-12-30 14:23:46,2019-12-30 14:23:48,2,2019-12-30
3. zen,112,2019-12-30 14:37:55,2019-12-30 14:38:01,6,2019-12-30
3. zen,113,2019-12-30 14:47:43,2019-12-30 14:47:47,4,2019-12-30
3. zen,114,2019-12-30 14:48:58,2019-12-30 14:49:03,5,2019-12-30
3. zen,115,2019-12-30 15:23:46,2019-12-30 15:23:48,2,2019-12-30
3. zen,116,2019-12-30 16:22:29,2019-12-30 16:22:32,3,2019-12-30
3. zen,117,2019-12-30 17:37:35,2019-12-30 17:37:41,6,2019-12-30
3. zen,118,2019-12-30 17:38:26,2019-12-30 17:38:28,2,2019-12-30
3. zen,119,2019-12-30 17:39:04,2019-12-30 17:39:05,1,2019-12-30
3. zen,120,2019-12-30 17:53:38,2019-12-30 17:53:42,4,2019-12-30
3. zen,121,2019-12-31 07:11:17,2019-12-31 07:11:58,41,2019-12-31
3. zen,122,2019-12-31 07:12:04,2019-12-31 07:12:37,33,2019-12-31
3. zen,123,2019-12-31 07:12:47,2019-12-31 07:12:50,3,2019-12-31
3. zen,124,2019-12-31 07:12:54,2019-12-31 07:13:13,19,2019-12-31
3. zen,125,2019-12-31 07:13:29,2019-12-31 07:13:47,18,2019-12-31
3. zen,126,2019-12-31 07:14:06,2019-12-31 07:14:15,9,2019-12-31
3. zen,127,2019-12-31 07:14:19,2019-12-31 07:14:59,40,2019-12-31
3. zen,128,2019-12-31 07:15:13,2019-12-31 07:16:23,70,2019-12-31
3. zen,129,2019-12-31 07:17:45,2019-12-31 07:17:51,6,2019-12-31
3. zen,130,2019-12-31 07:18:04,2019-12-31 07:18:11,7,2019-12-31
3. zen,131,2019-12-31 07:18:23,2019-12-31 07:18:26,3,2019-12-31
3. zen,132,2019-12-31 07:18:35,2019-12-31 07:19:00,25,2019-12-31
3. zen,133,2019-12-31 07:19:18,2019-12-31 07:20:01,43,2019-12-31
3. zen,134,2019-12-31 07:20:15,2019-12-31 07:20:17,2,2019-12-31
3. zen,135,2019-12-31 07:25:03,2019-12-31 07:25:08,5,2019-12-31
3. zen,136,2019-12-31 07:34:00,2019-12-31 07:34:18,18,2019-12-31
3. zen,137,2019-12-31 07:51:55,2019-12-31 07:51:57,2,2019-12-31
3. zen,138,2019-12-31 08:09:10,2019-12-31 08:09:12,2,2019-12-31
3. zen,139,2019-12-31 08:12:11,2019-12-31 08:12:14,3,2019-12-31
3. zen,140,2019-12-31 08:12:25,2019-12-31 08:12:28,3,2019-12-31
3. zen,141,2019-12-31 08:13:28,2019-12-31 08:13:30,2,2019-12-31
3. zen,142,2019-12-31 09:07:37,2019-12-31 09:07:39,2,2019-12-31
3. zen,143,2019-12-31 10:19:39,2019-12-31 10:20:12,33,2019-12-31
3. zen,144,2019-12-31 10:20:26,2019-12-31 10:20:47,21,2019-12-31
3. zen,145,2019-12-31 10:20:53,2019-12-31 10:20:54,1,2019-12-31
3. zen,146,2019-12-31 10:22:02,2019-12-31 10:22:06,4,2019-12-31
3. zen,147,2019-12-31 10:26:48,2019-12-31 10:26:50,2,2019-12-31
3. zen,148,2019-12-31 10:27:32,2019-12-31 10:27:34,2,2019-12-31
3. zen,149,2019-12-31 12:00:13,2019-12-31 12:00:20,7,2019-12-31
3. zen,150,2019-12-31 12:17:50,2019-12-31 12:17:57,7,2019-12-31
3. zen,151,2019-12-31 13:18:40,2019-12-31 13:18:43,3,2019-12-31
3. zen,152,2019-12-31 13:23:43,2019-12-31 13:23:44,1,2019-12-31
3. zen,153,2019-12-31 13:37:42,2019-12-31 13:37:43,1,2019-12-31
3. zen,154,2019-12-31 14:48:19,2019-12-31 14:48:24,5,2019-12-31
3. zen,155,2019-12-31 15:11:50,2019-12-31 15:11:51,1,2019-12-31
3. zen,156,2019-12-31 15:13:15,2019-12-31 15:13:18,3,2019-12-31
3. zen,157,2019-12-31 15:13:30,2019-12-31 15:13:38,8,2019-12-31
3. zen,158,2019-12-31 15:14:01,2019-12-31 15:14:03,2,2019-12-31
3. zen,159,2019-12-31 15:14:07,2019-12-31 15:14:08,1,2019-12-31
3. zen,160,2019-12-31 15:41:29,2019-12-31 15:41:32,3,2019-12-31
3. zen,161,2019-12-31 15:58:48,2019-12-31 15:58:54,6,2019-12-31
3. zen,162,2019-12-31 16:26:51,2019-12-31 16:26:54,3,2019-12-31
3. zen,163,2019-12-31 16:51:56,2019-12-31 16:52:01,5,2019-12-31
3. zen,164,2019-12-31 16:57:47,2019-12-31 16:57:50,3,2019-12-31
3. zen,165,2019-12-31 18:00:26,2019-12-31 18:00:27,1,2019-12-31
3. zen,166,2019-12-31 18:02:58,2019-12-31 18:03:11,13,2019-12-31
3. zen,169,2020-01-03 07:43:29,2020-01-03 07:43:33,4,2020-01-03
3. zen,170,2020-01-03 08:32:54,2020-01-03 08:32:58,4,2020-01-03
3. zen,171,2020-01-03 08:38:33,2020-01-03 08:38:35,2,2020-01-03
3. zen,172,2020-01-03 09:16:06,2020-01-03 09:16:08,2,2020-01-03
3. zen,173,2020-01-03 09:32:37,2020-01-03 09:32:41,4,2020-01-03
3. zen,174,2020-01-03 09:47:19,2020-01-03 09:47:25,6,2020-01-03
3. zen,175,2020-01-03 10:13:17,2020-01-03 10:13:18,1,2020-01-03
3. zen,176,2020-01-03 10:17:22,2020-01-03 10:17:24,2,2020-01-03
3. zen,177,2020-01-03 11:06:45,2020-01-03 11:06:57,12,2020-01-03
3. zen,178,2020-01-03 11:19:36,2020-01-03 11:19:41,5,2020-01-03
3. zen,179,2020-01-03 12:24:51,2020-01-03 12:24:52,1,2020-01-03
3. zen,180,2020-01-03 13:02:37,2020-01-03 13:03:04,27,2020-01-03
3. zen,181,2020-01-03 13:05:20,2020-01-03 13:05:23,3,2020-01-03
3. zen,182,2020-01-03 13:13:34,2020-01-03 13:13:35,1,2020-01-03
3. zen,183,2020-01-03 13:59:20,2020-01-03 13:59:31,11,2020-01-03
3. zen,184,2020-01-03 14:35:18,2020-01-03 14:35:19,1,2020-01-03
3. zen,185,2020-01-03 15:32:20,2020-01-03 15:32:38,18,2020-01-03
3. zen,186,2020-01-03 15:32:43,2020-01-03 15:32:47,4,2020-01-03
3. zen,187,2020-01-03 15:35:54,2020-01-03 15:36:06,12,2020-01-03
3. zen,188,2020-01-03 15:36:23,2020-01-03 15:36:38,15,2020-01-03
3. zen,189,2020-01-03 15:45:00,2020-01-03 15:45:04,4,2020-01-03
3. zen,190,2020-01-03 15:52:47,2020-01-03 15:52:50,3,2020-01-03
3. zen,191,2020-01-03 15:58:33,2020-01-03 15:58:40,7,2020-01-03
3. zen,192,2020-01-03 16:08:39,2020-01-03 16:08:55,16,2020-01-03
3. zen,193,2020-01-03 16:11:01,2020-01-03 16:11:06,5,2020-01-03
3. zen,194,2020-01-03 16:13:24,2020-01-03 16:13:26,2,2020-01-03
3. zen,195,2020-01-03 16:14:01,2020-01-03 16:14:03,2,2020-01-03
3. zen,196,2020-01-04 07:05:09,2020-01-04 07:05:11,2,2020-01-04
3. zen,197,2020-01-04 07:19:18,2020-01-04 07:19:20,2,2020-01-04
3. zen,198,2020-01-04 07:21:09,2020-01-04 07:21:16,7,2020-01-04
3. zen,199,2020-01-04 07:33:23,2020-01-04 07:33:35,12,2020-01-04
3. zen,200,2020-01-04 07:54:37,2020-01-04 07:54:41,4,2020-01-04
3. zen,201,2020-01-04 08:33:00,2020-01-04 08:33:01,1,2020-01-04
3. zen,202,2020-01-04 08:45:09,2020-01-04 08:45:27,18,2020-01-04
3. zen,203,2020-01-04 09:39:44,2020-01-04 09:40:00,16,2020-01-04
3. zen,204,2020-01-04 10:27:11,2020-01-04 10:27:17,6,2020-01-04
3. zen,205,2020-01-04 10:46:12,2020-01-04 10:46:17,5,2020-01-04
3. zen,206,2020-01-04 13:33:13,2020-01-04 13:33:18,5,2020-01-04
3. zen,207,2020-01-04 13:59:23,2020-01-04 13:59:25,2,2020-01-04
3. zen,208,2020-01-04 14:56:21,2020-01-04 14:56:23,2,2020-01-04
3. zen,209,2020-01-04 15:59:34,2020-01-04 15:59:38,4,2020-01-04
3. zen,210,2020-01-04 17:11:47,2020-01-04 17:11:48,1,2020-01-04
3. zen,211,2020-01-04 17:16:53,2020-01-04 17:17:00,7,2020-01-04
4. traffic,0,2020-01-09 07:10:44,2020-01-09 07:10:52,8,2020-01-09
4. traffic,1,2020-01-09 07:12:55,2020-01-09 07:14:05,70,2020-01-09
4. traffic,2,2020-01-09 07:14:10,2020-01-09 07:14:15,5,2020-01-09
4. traffic,3,2020-01-09 07:19:48,2020-01-09 07:20:10,22,2020-01-09
4. traffic,4,2020-01-09 07:21:35,2020-01-09 07:24:09,154,2020-01-09
4. traffic,5,2020-01-09 07:34:16,2020-01-09 07:34:28,12,2020-01-09
4. traffic,6,2020-01-09 07:35:31,2020-01-09 07:35:32,1,2020-01-09
4. traffic,7,2020-01-09 07:51:29,2020-01-09 07:51:31,2,2020-01-09
4. traffic,8,2020-01-09 09:07:14,2020-01-09 09:07:22,8,2020-01-09
4. traffic,9,2020-01-09 09:22:41,2020-01-09 09:22:43,2,2020-01-09
4. traffic,10,2020-01-09 10:18:40,2020-01-09 10:18:44,4,2020-01-09
4. traffic,11,2020-01-09 10:23:05,2020-01-09 10:23:08,3,2020-01-09
4. traffic,12,2020-01-09 12:04:46,2020-01-09 12:04:47,1,2020-01-09
4. traffic,13,2020-01-09 12:28:54,2020-01-09 12:28:56,2,2020-01-09
4. traffic,14,2020-01-09 12:47:36,2020-01-09 12:48:56,80,2020-01-09
4. traffic,15,2020-01-09 12:49:08,2020-01-09 12:49:25,17,2020-01-09
4. traffic,16,2020-01-09 12:49:30,2020-01-09 12:49:38,8,2020-01-09
4. traffic,17,2020-01-09 13:38:48,2020-01-09 13:38:49,1,2020-01-09
4. traffic,18,2020-01-09 13:39:50,2020-01-09 13:39:57,7,2020-01-09
4. traffic,19,2020-01-09 14:39:14,2020-01-09 14:39:17,3,2020-01-09
4. traffic,20,2020-01-09 15:35:49,2020-01-09 15:35:53,4,2020-01-09
4. traffic,21,2020-01-09 15:49:56,2020-01-09 15:49:57,1,2020-01-09
4. traffic,22,2020-01-09 16:03:24,2020-01-09 16:03:27,3,2020-01-09
4. traffic,23,2020-01-09 16:46:48,2020-01-09 16:46:52,4,2020-01-09
4. traffic,24,2020-01-09 18:20:16,2020-01-09 18:20:26,10,2020-01-09
4. traffic,26,2020-01-10 07:03:16,2020-01-10 07:03:38,22,2020-01-10
4. traffic,27,2020-01-10 07:03:42,2020-01-10 07:07:34,232,2020-01-10
4. traffic,28,2020-01-10 07:07:42,2020-01-10 07:10:53,191,2020-01-10
4. traffic,29,2020-01-10 07:11:00,2020-01-10 07:11:55,55,2020-01-10
4. traffic,30,2020-01-10 07:12:02,2020-01-10 07:14:31,149,2020-01-10
4. traffic,31,2020-01-10 07:19:38,2020-01-10 07:20:39,61,2020-01-10
4. traffic,32,2020-01-10 07:22:18,2020-01-10 07:22:22,4,2020-01-10
4. traffic,33,2020-01-10 07:23:10,2020-01-10 07:24:58,108,2020-01-10
4. traffic,34,2020-01-10 08:03:28,2020-01-10 08:03:30,2,2020-01-10
4. traffic,35,2020-01-10 08:43:59,2020-01-10 08:44:04,5,2020-01-10
4. traffic,36,2020-01-10 09:48:30,2020-01-10 09:48:32,2,2020-01-10
4. traffic,37,2020-01-10 09:56:59,2020-01-10 09:57:00,1,2020-01-10
4. traffic,38,2020-01-10 10:18:54,2020-01-10 10:18:59,5,2020-01-10
4. traffic,39,2020-01-10 10:42:49,2020-01-10 10:43:05,16,2020-01-10
4. traffic,40,2020-01-10 10:53:25,2020-01-10 10:53:27,2,2020-01-10
4. traffic,41,2020-01-10 11:30:12,2020-01-10 11:30:20,8,2020-01-10
4. traffic,42,2020-01-10 11:38:16,2020-01-10 11:38:18,2,2020-01-10
4. traffic,43,2020-01-10 11:43:57,2020-01-10 11:44:20,23,2020-01-10
4. traffic,44,2020-01-10 12:33:01,2020-01-10 12:33:07,6,2020-01-10
4. traffic,45,2020-01-10 12:40:44,2020-01-10 12:40:47,3,2020-01-10
4. traffic,46,2020-01-10 12:42:22,2020-01-10 12:42:53,31,2020-01-10
4. traffic,47,2020-01-10 12:43:13,2020-01-10 12:43:22,9,2020-01-10
4. traffic,48,2020-01-10 12:54:20,2020-01-10 12:54:24,4,2020-01-10
4. traffic,49,2020-01-10 14:16:16,2020-01-10 14:16:18,2,2020-01-10
4. traffic,50,2020-01-10 14:35:07,2020-01-10 14:35:10,3,2020-01-10
4. traffic,51,2020-01-10 14:38:10,2020-01-10 14:39:15,65,2020-01-10
4. traffic,52,2020-01-10 14:39:19,2020-01-10 14:39:32,13,2020-01-10
4. traffic,53,2020-01-10 14:40:04,2020-01-10 14:40:05,1,2020-01-10
4. traffic,54,2020-01-10 14:40:15,2020-01-10 14:40:17,2,2020-01-10
4. traffic,55,2020-01-10 14:40:42,2020-01-10 14:40:57,15,2020-01-10
4. traffic,56,2020-01-10 14:41:02,2020-01-10 14:41:17,15,2020-01-10
4. traffic,57,2020-01-10 14:43:21,2020-01-10 14:43:38,17,2020-01-10
4. traffic,58,2020-01-10 14:44:18,2020-01-10 14:44:20,2,2020-01-10
4. traffic,59,2020-01-10 14:44:32,2020-01-10 14:50:50,378,2020-01-10
4. traffic,60,2020-01-10 15:08:55,2020-01-10 15:08:57,2,2020-01-10
4. traffic,61,2020-01-10 15:26:38,2020-01-10 15:26:41,3,2020-01-10
4. traffic,62,2020-01-10 16:04:30,2020-01-10 16:04:32,2,2020-01-10
4. traffic,63,2020-01-10 16:49:09,2020-01-10 16:49:12,3,2020-01-10
4. traffic,66,2020-01-11 07:08:09,2020-01-11 07:08:16,7,2020-01-11
4. traffic,67,2020-01-11 07:09:31,2020-01-11 07:09:33,2,2020-01-11
4. traffic,68,2020-01-11 07:14:41,2020-01-11 07:14:52,11,2020-01-11
4. traffic,69,2020-01-11 07:14:56,2020-01-11 07:15:03,7,2020-01-11
4. traffic,70,2020-01-11 07:38:52,2020-01-11 07:38:58,6,2020-01-11
4. traffic,71,2020-01-11 07:39:09,2020-01-11 07:39:10,1,2020-01-11
4. traffic,72,2020-01-11 07:39:50,2020-01-11 07:39:52,2,2020-01-11
4. traffic,73,2020-01-11 08:46:44,2020-01-11 08:46:48,4,2020-01-11
4. traffic,74,2020-01-11 08:57:36,2020-01-11 08:57:38,2,2020-01-11
4. traffic,75,2020-01-11 09:21:23,2020-01-11 09:21:30,7,2020-01-11
4. traffic,76,2020-01-11 09:35:07,2020-01-11 09:35:44,37,2020-01-11
4. traffic,77,2020-01-11 09:36:07,2020-01-11 09:36:20,13,2020-01-11
4. traffic,78,2020-01-11 09:36:27,2020-01-11 09:37:32,65,2020-01-11
4. traffic,79,2020-01-11 09:37:58,2020-01-11 09:38:12,14,2020-01-11
4. traffic,80,2020-01-11 09:40:54,2020-01-11 09:41:57,63,2020-01-11
4. traffic,81,2020-01-11 09:42:01,2020-01-11 09:42:03,2,2020-01-11
4. traffic,82,2020-01-11 09:42:36,2020-01-11 09:42:39,3,2020-01-11
4. traffic,83,2020-01-11 09:42:46,2020-01-11 09:43:00,14,2020-01-11
4. traffic,84,2020-01-11 09:43:34,2020-01-11 09:45:15,101,2020-01-11
4. traffic,85,2020-01-11 09:45:25,2020-01-11 09:45:54,29,2020-01-11
4. traffic,86,2020-01-11 09:46:23,2020-01-11 09:47:43,80,2020-01-11
4. traffic,87,2020-01-11 09:47:54,2020-01-11 09:49:06,72,2020-01-11
4. traffic,88,2020-01-11 09:49:21,2020-01-11 09:49:39,18,2020-01-11
4. traffic,89,2020-01-11 09:50:01,2020-01-11 09:51:54,113,2020-01-11
4. traffic,90,2020-01-11 09:52:18,2020-01-11 09:52:20,2,2020-01-11
4. traffic,91,2020-01-11 09:52:24,2020-01-11 09:52:52,28,2020-01-11
4. traffic,92,2020-01-11 09:53:22,2020-01-11 09:55:19,117,2020-01-11
4. traffic,93,2020-01-11 09:55:25,2020-01-11 09:59:42,257,2020-01-11
4. traffic,94,2020-01-11 09:59:49,2020-01-11 10:01:11,82,2020-01-11
4. traffic,95,2020-01-11 10:02:39,2020-01-11 10:02:52,13,2020-01-11
4. traffic,96,2020-01-11 10:03:08,2020-01-11 10:03:14,6,2020-01-11
4. traffic,97,2020-01-11 10:03:30,2020-01-11 10:04:29,59,2020-01-11
4. traffic,98,2020-01-11 10:05:32,2020-01-11 10:05:38,6,2020-01-11
4. traffic,99,2020-01-11 10:10:21,2020-01-11 10:10:22,1,2020-01-11
4. traffic,100,2020-01-11 10:10:48,2020-01-11 10:10:53,5,2020-01-11
4. traffic,101,2020-01-11 10:16:18,2020-01-11 10:16:22,4,2020-01-11
4. traffic,102,2020-01-11 10:16:44,2020-01-11 10:16:58,14,2020-01-11
4. traffic,103,2020-01-11 10:18:29,2020-01-11 10:18:30,1,2020-01-11
4. traffic,104,2020-01-11 10:19:43,2020-01-11 10:19:45,2,2020-01-11
4. traffic,105,2020-01-11 10:29:19,2020-01-11 10:29:20,1,2020-01-11
4. traffic,106,2020-01-11 10:40:46,2020-01-11 10:40:48,2,2020-01-11
4. traffic,107,2020-01-11 10:44:12,2020-01-11 10:44:23,11,2020-01-11
4. traffic,108,2020-01-11 10:48:06,2020-01-11 10:48:10,4,2020-01-11
4. traffic,109,2020-01-11 10:56:12,2020-01-11 10:56:15,3,2020-01-11
4. traffic,110,2020-01-11 13:32:28,2020-01-11 13:32:38,10,2020-01-11
4. traffic,111,2020-01-11 14:14:14,2020-01-11 14:14:18,4,2020-01-11
4. traffic,112,2020-01-11 15:58:47,2020-01-11 15:58:53,6,2020-01-11
4. traffic,113,2020-01-11 15:59:14,2020-01-11 15:59:17,3,2020-01-11
4. traffic,114,2020-01-11 16:06:47,2020-01-11 16:06:59,12,2020-01-11
4. traffic,115,2020-01-11 16:07:13,2020-01-11 16:07:52,39,2020-01-11
4. traffic,116,2020-01-11 16:08:04,2020-01-11 16:08:18,14,2020-01-11
4. traffic,117,2020-01-11 16:25:12,2020-01-11 16:25:16,4,2020-01-11
4. traffic,118,2020-01-11 16:56:21,2020-01-11 16:56:23,2,2020-01-11
4. traffic,119,2020-01-11 17:06:35,2020-01-11 17:06:36,1,2020-01-11
4. traffic,120,2020-01-11 17:11:40,2020-01-11 17:11:42,2,2020-01-11
4. traffic,121,2020-01-11 17:54:31,2020-01-11 17:54:38,7,2020-01-11
4. traffic,122,2020-01-11 18:01:53,2020-01-11 18:01:56,3,2020-01-11
4. traffic,123,2020-01-12 07:05:37,2020-01-12 07:07:01,84,2020-01-12
4. traffic,124,2020-01-12 07:15:20,2020-01-12 07:15:23,3,2020-01-12
4. traffic,125,2020-01-12 07:15:46,2020-01-12 07:15:49,3,2020-01-12
4. traffic,126,2020-01-12 07:21:52,2020-01-12 07:21:56,4,2020-01-12
4. traffic,127,2020-01-12 07:25:02,2020-01-12 07:25:04,2,2020-01-12
4. traffic,128,2020-01-12 07:28:08,2020-01-12 07:28:10,2,2020-01-12
4. traffic,129,2020-01-12 07:33:25,2020-01-12 07:33:28,3,2020-01-12
4. traffic,130,2020-01-12 07:56:01,2020-01-12 07:56:06,5,2020-01-12
4. traffic,131,2020-01-12 08:06:00,2020-01-12 08:06:16,16,2020-01-12
4. traffic,132,2020-01-12 10:26:18,2020-01-12 10:26:24,6,2020-01-12
4. traffic,133,2020-01-12 10:32:50,2020-01-12 10:32:54,4,2020-01-12
4. traffic,134,2020-01-12 10:34:23,2020-01-12 10:34:25,2,2020-01-12
4. traffic,135,2020-01-12 10:38:47,2020-01-12 10:38:49,2,2020-01-12
4. traffic,136,2020-01-12 11:14:34,2020-01-12 11:14:45,11,2020-01-12
4. traffic,137,2020-01-12 11:28:08,2020-01-12 11:28:12,4,2020-01-12
4. traffic,138,2020-01-13 15:18:14,2020-01-13 15:18:16,2,2020-01-13
4. traffic,139,2020-01-13 15:33:52,2020-01-13 15:33:58,6,2020-01-13
4. traffic,140,2020-01-13 15:35:43,2020-01-13 15:35:45,2,2020-01-13
4. traffic,141,2020-01-13 15:41:34,2020-01-13 15:41:35,1,2020-01-13
4. traffic,142,2020-01-13 15:45:34,2020-01-13 15:45:35,1,2020-01-13
4. traffic,143,2020-01-13 15:45:39,2020-01-13 15:45:42,3,2020-01-13
4. traffic,144,2020-01-13 15:48:15,2020-01-13 15:48:22,7,2020-01-13
4. traffic,145,2020-01-13 15:50:13,2020-01-13 15:51:05,52,2020-01-13
4. traffic,146,2020-01-13 16:06:23,2020-01-13 16:08:48,145,2020-01-13
4. traffic,147,2020-01-13 16:14:10,2020-01-13 16:14:13,3,2020-01-13
4. traffic,148,2020-01-13 16:46:04,2020-01-13 16:46:07,3,2020-01-13
4. traffic,149,2020-01-13 17:18:37,2020-01-13 17:18:41,4,2020-01-13
4. traffic,153,2020-01-14 07:05:12,2020-01-14 07:05:18,6,2020-01-14
4. traffic,154,2020-01-14 07:05:26,2020-01-14 07:05:29,3,2020-01-14
4. traffic,155,2020-01-14 07:06:30,2020-01-14 07:07:34,64,2020-01-14
4. traffic,156,2020-01-14 07:23:52,2020-01-14 07:24:33,41,2020-01-14
4. traffic,157,2020-01-14 07:43:56,2020-01-14 07:44:08,12,2020-01-14
4. traffic,158,2020-01-14 08:01:56,2020-01-14 08:01:57,1,2020-01-14
4. traffic,159,2020-01-14 09:48:14,2020-01-14 09:48:21,7,2020-01-14
4. traffic,160,2020-01-14 09:58:49,2020-01-14 10:00:38,109,2020-01-14
4. traffic,161,2020-01-14 10:00:49,2020-01-14 10:01:18,29,2020-01-14
4. traffic,162,2020-01-14 10:01:25,2020-01-14 10:05:10,225,2020-01-14
4. traffic,163,2020-01-14 10:05:59,2020-01-14 10:06:17,18,2020-01-14
4. traffic,164,2020-01-14 10:06:37,2020-01-14 10:06:38,1,2020-01-14
4. traffic,165,2020-01-14 10:06:48,2020-01-14 10:06:51,3,2020-01-14
4. traffic,166,2020-01-14 10:07:17,2020-01-14 10:07:39,22,2020-01-14
4. traffic,167,2020-01-14 10:08:02,2020-01-14 10:08:32,30,2020-01-14
4. traffic,168,2020-01-14 10:08:49,2020-01-14 10:09:19,30,2020-01-14
4. traffic,169,2020-01-14 10:09:58,2020-01-14 10:10:27,29,2020-01-14
4. traffic,170,2020-01-14 11:21:18,2020-01-14 11:36:00,882,2020-01-14
4. traffic,171,2020-01-14 11:37:30,2020-01-14 11:37:37,7,2020-01-14
4. traffic,172,2020-01-14 11:38:04,2020-01-14 11:38:10,6,2020-01-14
4. traffic,173,2020-01-14 11:38:35,2020-01-14 11:38:44,9,2020-01-14
4. traffic,174,2020-01-14 11:39:28,2020-01-14 11:40:07,39,2020-01-14
4. traffic,175,2020-01-14 11:40:17,2020-01-14 11:41:28,71,2020-01-14
4. traffic,176,2020-01-14 11:41:55,2020-01-14 11:42:06,11,2020-01-14
4. traffic,177,2020-01-14 11:42:27,2020-01-14 11:42:45,18,2020-01-14
4. traffic,178,2020-01-14 11:42:52,2020-01-14 11:43:05,13,2020-01-14
4. traffic,179,2020-01-14 11:43:37,2020-01-14 11:43:38,1,2020-01-14
4. traffic,180,2020-01-14 11:43:47,2020-01-14 11:43:49,2,2020-01-14
4. traffic,181,2020-01-14 11:44:03,2020-01-14 11:44:08,5,2020-01-14
4. traffic,182,2020-01-14 11:44:24,2020-01-14 11:45:10,46,2020-01-14
4. traffic,183,2020-01-14 11:45:20,2020-01-14 11:45:29,9,2020-01-14
4. traffic,184,2020-01-14 11:45:55,2020-01-14 11:45:59,4,2020-01-14
4. traffic,185,2020-01-14 11:46:03,2020-01-14 11:46:05,2,2020-01-14
4. traffic,186,2020-01-14 11:46:14,2020-01-14 11:46:20,6,2020-01-14
4. traffic,187,2020-01-14 11:46:33,2020-01-14 11:47:02,29,2020-01-14
4. traffic,188,2020-01-14 11:47:06,2020-01-14 11:47:13,7,2020-01-14
4. traffic,189,2020-01-14 11:47:18,2020-01-14 11:47:43,25,2020-01-14
4. traffic,190,2020-01-14 11:48:01,2020-01-14 11:48:02,1,2020-01-14
4. traffic,191,2020-01-14 11:48:06,2020-01-14 11:48:16,10,2020-01-14
4. traffic,192,2020-01-14 11:49:14,2020-01-14 11:49:22,8,2020-01-14
4. traffic,193,2020-01-14 11:49:26,2020-01-14 11:50:09,43,2020-01-14
4. traffic,194,2020-01-14 11:50:14,2020-01-14 11:50:15,1,2020-01-14
4. traffic,195,2020-01-14 11:55:12,2020-01-14 11:55:14,2,2020-01-14
4. traffic,196,2020-01-14 11:55:30,2020-01-14 11:55:32,2,2020-01-14
4. traffic,197,2020-01-14 11:56:32,2020-01-14 11:56:45,13,2020-01-14
4. traffic,198,2020-01-14 12:20:26,2020-01-14 12:20:32,6,2020-01-14
4. traffic,199,2020-01-14 12:20:36,2020-01-14 12:20:41,5,2020-01-14
4. traffic,200,2020-01-14 12:28:58,2020-01-14 12:28:59,1,2020-01-14
4. traffic,201,2020-01-14 13:08:10,2020-01-14 13:09:18,68,2020-01-14
4. traffic,202,2020-01-14 13:26:43,2020-01-14 13:26:46,3,2020-01-14
4. traffic,203,2020-01-14 13:33:27,2020-01-14 13:33:28,1,2020-01-14
4. traffic,204,2020-01-14 14:05:28,2020-01-14 14:05:29,1,2020-01-14
4. traffic,205,2020-01-14 14:06:39,2020-01-14 14:06:40,1,2020-01-14
4. traffic,206,2020-01-14 14:13:54,2020-01-14 14:13:57,3,2020-01-14
4. traffic,207,2020-01-14 14:14:30,2020-01-14 14:14:59,29,2020-01-14
4. traffic,208,2020-01-14 14:15:04,2020-01-14 14:15:08,4,2020-01-14
4. traffic,209,2020-01-14 14:22:41,2020-01-14 14:22:42,1,2020-01-14
4. traffic,210,2020-01-14 14:40:56,2020-01-14 14:40:57,1,2020-01-14
4. traffic,211,2020-01-14 14:53:57,2020-01-14 14:54:00,3,2020-01-14
4. traffic,212,2020-01-14 15:04:44,2020-01-14 15:04:45,1,2020-01-14
4. traffic,213,2020-01-14 15:15:40,2020-01-14 15:15:46,6,2020-01-14
4. traffic,214,2020-01-14 15:33:54,2020-01-14 15:33:57,3,2020-01-14
4. traffic,215,2020-01-14 15:36:18,2020-01-14 15:36:20,2,2020-01-14
4. traffic,216,2020-01-14 16:01:40,2020-01-14 16:01:43,3,2020-01-14
4. traffic,217,2020-01-14 16:41:23,2020-01-14 16:41:31,8,2020-01-14
4. traffic,218,2020-01-14 16:50:57,2020-01-14 16:51:01,4,2020-01-14
4. traffic,224,2020-01-15 07:03:39,2020-01-15 07:03:40,1,2020-01-15
4. traffic,225,2020-01-15 07:32:07,2020-01-15 07:32:11,4,2020-01-15
4. traffic,226,2020-01-15 07:46:02,2020-01-15 07:46:13,11,2020-01-15
4. traffic,227,2020-01-15 09:05:51,2020-01-15 09:05:58,7,2020-01-15
4. traffic,228,2020-01-15 09:06:32,2020-01-15 09:06:36,4,2020-01-15
4. traffic,229,2020-01-15 10:17:03,2020-01-15 10:17:05,2,2020-01-15
4. traffic,230,2020-01-15 10:18:49,2020-01-15 10:19:23,34,2020-01-15
4. traffic,231,2020-01-15 10:19:29,2020-01-15 10:21:37,128,2020-01-15
4. traffic,232,2020-01-15 10:21:43,2020-01-15 10:22:19,36,2020-01-15
4. traffic,233,2020-01-15 10:22:52,2020-01-15 10:23:28,36,2020-01-15
4. traffic,234,2020-01-15 10:23:33,2020-01-15 10:26:09,156,2020-01-15
4. traffic,235,2020-01-15 10:26:30,2020-01-15 10:26:44,14,2020-01-15
4. traffic,236,2020-01-15 10:28:19,2020-01-15 10:30:03,104,2020-01-15
4. traffic,237,2020-01-15 10:30:17,2020-01-15 10:30:22,5,2020-01-15
4. traffic,238,2020-01-15 10:30:35,2020-01-15 10:33:36,181,2020-01-15
4. traffic,239,2020-01-15 10:48:59,2020-01-15 10:49:03,4,2020-01-15
4. traffic,240,2020-01-15 11:35:43,2020-01-15 11:35:49,6,2020-01-15
4. traffic,241,2020-01-15 11:40:13,2020-01-15 11:40:16,3,2020-01-15
4. traffic,242,2020-01-15 11:48:53,2020-01-15 11:48:54,1,2020-01-15
4. traffic,243,2020-01-15 11:49:59,2020-01-15 11:50:02,3,2020-01-15
4. traffic,244,2020-01-15 11:50:09,2020-01-15 11:50:22,13,2020-01-15
4. traffic,245,2020-01-15 11:51:10,2020-01-15 11:51:20,10,2020-01-15
4. traffic,246,2020-01-15 12:34:56,2020-01-15 12:34:59,3,2020-01-15
4. traffic,247,2020-01-15 12:35:09,2020-01-15 12:35:10,1,2020-01-15
4. traffic,248,2020-01-15 12:37:08,2020-01-15 12:37:09,1,2020-01-15
4. traffic,249,2020-01-15 12:37:28,2020-01-15 12:37:32,4,2020-01-15
4. traffic,250,2020-01-15 13:06:30,2020-01-15 13:06:35,5,2020-01-15
4. traffic,251,2020-01-15 13:06:58,2020-01-15 13:07:44,46,2020-01-15
4. traffic,252,2020-01-15 13:07:53,2020-01-15 13:09:50,117,2020-01-15
4. traffic,253,2020-01-15 13:10:00,2020-01-15 13:10:16,16,2020-01-15
4. traffic,254,2020-01-15 13:12:14,2020-01-15 13:13:42,88,2020-01-15
4. traffic,255,2020-01-15 13:14:05,2020-01-15 13:16:44,159,2020-01-15
4. traffic,256,2020-01-15 13:17:55,2020-01-15 13:18:09,14,2020-01-15
4. traffic,257,2020-01-15 13:19:43,2020-01-15 13:19:45,2,2020-01-15
4. traffic,258,2020-01-15 13:20:57,2020-01-15 13:21:21,24,2020-01-15
4. traffic,259,2020-01-15 13:21:34,2020-01-15 13:21:41,7,2020-01-15
4. traffic,260,2020-01-15 13:22:02,2020-01-15 13:22:15,13,2020-01-15
4. traffic,261,2020-01-15 13:34:32,2020-01-15 13:34:48,16,2020-01-15
4. traffic,262,2020-01-15 13:35:00,2020-01-15 13:35:27,27,2020-01-15
4. traffic,263,2020-01-15 13:35:51,2020-01-15 13:35:55,4,2020-01-15
4. traffic,264,2020-01-15 13:36:02,2020-01-15 13:36:29,27,2020-01-15
4. traffic,265,2020-01-15 13:36:46,2020-01-15 13:36:48,2,2020-01-15
4. traffic,266,2020-01-15 13:37:14,2020-01-15 13:37:44,30,2020-01-15
4. traffic,267,2020-01-15 13:43:46,2020-01-15 13:44:38,52,2020-01-15
4. traffic,268,2020-01-15 13:44:46,2020-01-15 13:51:13,387,2020-01-15
4. traffic,269,2020-01-15 13:51:17,2020-01-15 13:54:07,170,2020-01-15
4. traffic,270,2020-01-15 14:25:43,2020-01-15 14:25:45,2,2020-01-15
4. traffic,271,2020-01-15 14:31:15,2020-01-15 14:31:18,3,2020-01-15
4. traffic,272,2020-01-15 14:45:55,2020-01-15 14:45:58,3,2020-01-15
4. traffic,273,2020-01-15 14:49:10,2020-01-15 14:49:14,4,2020-01-15
4. traffic,274,2020-01-15 14:53:11,2020-01-15 14:53:14,3,2020-01-15
4. traffic,275,2020-01-15 15:09:18,2020-01-15 15:09:19,1,2020-01-15
4. traffic,276,2020-01-15 15:13:09,2020-01-15 15:13:14,5,2020-01-15
4. traffic,277,2020-01-15 15:17:34,2020-01-15 15:17:35,1,2020-01-15
4. traffic,278,2020-01-15 15:56:47,2020-01-15 15:56:48,1,2020-01-15
4. traffic,279,2020-01-15 17:59:50,2020-01-15 17:59:58,8,2020-01-15
5. music,0,2020-01-27 11:06:24,2020-01-27 11:06:27,3,2020-01-27
5. music,1,2020-01-27 11:39:09,2020-01-27 11:39:13,4,2020-01-27
5. music,2,2020-01-27 12:23:04,2020-01-27 12:23:06,2,2020-01-27
5. music,3,2020-01-27 12:43:21,2020-01-27 12:43:22,1,2020-01-27
5. music,4,2020-01-27 13:11:52,2020-01-27 13:11:53,1,2020-01-27
5. music,5,2020-01-27 13:20:08,2020-01-27 13:20:11,3,2020-01-27
5. music,6,2020-01-27 14:08:32,2020-01-27 14:08:34,2,2020-01-27
5. music,7,2020-01-27 15:42:17,2020-01-27 15:42:29,12,2020-01-27
5. music,8,2020-01-27 15:54:45,2020-01-27 15:54:48,3,2020-01-27
5. music,9,2020-01-27 16:34:01,2020-01-27 16:39:08,307,2020-01-27
5. music,10,2020-01-27 16:52:29,2020-01-27 16:52:37,8,2020-01-27
5. music,11,2020-01-27 17:26:08,2020-01-27 17:26:17,9,2020-01-27
5. music,12,2020-01-27 17:35:54,2020-01-27 17:35:55,1,2020-01-27
5. music,13,2020-01-27 17:36:27,2020-01-27 17:36:31,4,2020-01-27
5. music,14,2020-01-27 17:39:17,2020-01-27 17:39:23,6,2020-01-27
5. music,15,2020-01-27 18:13:50,2020-01-27 18:13:55,5,2020-01-27
5. music,17,2020-01-28 07:26:32,2020-01-28 07:26:33,1,2020-01-28
5. music,18,2020-01-28 07:31:57,2020-01-28 07:32:00,3,2020-01-28
5. music,19,2020-01-28 08:20:48,2020-01-28 08:20:49,1,2020-01-28
5. music,20,2020-01-28 08:40:42,2020-01-28 08:40:44,2,2020-01-28
5. music,21,2020-01-28 09:25:27,2020-01-28 09:25:30,3,2020-01-28
5. music,22,2020-01-28 10:04:24,2020-01-28 10:04:25,1,2020-01-28
5. music,23,2020-01-28 11:21:05,2020-01-28 11:21:08,3,2020-01-28
5. music,24,2020-01-28 11:51:36,2020-01-28 11:51:38,2,2020-01-28
5. music,25,2020-01-28 12:46:11,2020-01-28 12:46:14,3,2020-01-28
5. music,26,2020-01-28 12:53:08,2020-01-28 12:53:14,6,2020-01-28
5. music,27,2020-01-28 13:41:31,2020-01-28 13:41:39,8,2020-01-28
5. music,28,2020-01-28 14:24:50,2020-01-28 14:24:53,3,2020-01-28
5. music,29,2020-01-28 14:31:26,2020-01-28 14:31:28,2,2020-01-28
5. music,30,2020-01-28 14:48:19,2020-01-28 14:48:21,2,2020-01-28
5. music,31,2020-01-28 15:35:30,2020-01-28 15:35:34,4,2020-01-28
5. music,32,2020-01-28 16:26:57,2020-01-28 16:26:59,2,2020-01-28
5. music,33,2020-01-28 16:27:07,2020-01-28 16:27:23,16,2020-01-28
5. music,34,2020-01-28 16:53:50,2020-01-28 16:53:53,3,2020-01-28
5. music,35,2020-01-28 17:47:42,2020-01-28 17:47:57,15,2020-01-28
5. music,43,2020-01-29 07:09:06,2020-01-29 07:09:09,3,2020-01-29
5. music,44,2020-01-29 07:31:55,2020-01-29 07:31:58,3,2020-01-29
5. music,45,2020-01-29 07:33:08,2020-01-29 07:33:10,2,2020-01-29
5. music,46,2020-01-29 07:42:26,2020-01-29 07:42:28,2,2020-01-29
5. music,47,2020-01-29 07:44:58,2020-01-29 07:45:00,2,2020-01-29
5. music,48,2020-01-29 07:59:19,2020-01-29 07:59:39,20,2020-01-29
5. music,49,2020-01-29 08:00:20,2020-01-29 08:01:16,56,2020-01-29
5. music,50,2020-01-29 08:15:47,2020-01-29 08:15:48,1,2020-01-29
5. music,51,2020-01-29 08:51:02,2020-01-29 08:51:06,4,2020-01-29
5. music,52,2020-01-29 09:16:09,2020-01-29 09:16:11,2,2020-01-29
5. music,53,2020-01-29 09:22:13,2020-01-29 09:22:15,2,2020-01-29
5. music,54,2020-01-29 09:36:39,2020-01-29 09:36:40,1,2020-01-29
5. music,55,2020-01-29 09:52:01,2020-01-29 09:52:05,4,2020-01-29
5. music,56,2020-01-29 10:08:29,2020-01-29 10:08:31,2,2020-01-29
5. music,57,2020-01-29 11:23:12,2020-01-29 11:23:13,1,2020-01-29
5. music,58,2020-01-29 11:25:50,2020-01-29 11:25:51,1,2020-01-29
5. music,59,2020-01-29 11:56:27,2020-01-29 11:56:30,3,2020-01-29
5. music,60,2020-01-29 12:34:16,2020-01-29 12:34:18,2,2020-01-29
5. music,61,2020-01-29 12:40:28,2020-01-29 12:40:29,1,2020-01-29
5. music,62,2020-01-29 12:53:28,2020-01-29 12:53:31,3,2020-01-29
5. music,63,2020-01-29 12:53:35,2020-01-29 12:53:40,5,2020-01-29
5. music,64,2020-01-29 13:59:17,2020-01-29 13:59:46,29,2020-01-29
5. music,65,2020-01-29 14:32:55,2020-01-29 14:32:56,1,2020-01-29
5. music,66,2020-01-29 14:47:36,2020-01-29 14:47:51,15,2020-01-29
5. music,67,2020-01-29 16:09:46,2020-01-29 16:12:41,175,2020-01-29
5. music,68,2020-01-29 17:45:42,2020-01-29 17:45:43,1,2020-01-29
5. music,69,2020-01-29 18:48:59,2020-01-29 18:49:00,1,2020-01-29
5. music,70,2020-01-30 15:21:15,2020-01-30 15:21:19,4,2020-01-30
5. music,71,2020-01-30 15:35:34,2020-01-30 15:35:35,1,2020-01-30
5. music,72,2020-01-30 15:47:07,2020-01-30 15:47:10,3,2020-01-30
5. music,73,2020-01-30 17:15:09,2020-01-30 17:15:13,4,2020-01-30
5. music,74,2020-01-30 17:52:36,2020-01-30 17:52:41,5,2020-01-30
5. music,75,2020-01-30 18:07:35,2020-01-30 18:07:40,5,2020-01-30
5. music,76,2020-01-30 18:25:52,2020-01-30 18:25:58,6,2020-01-30
5. music,77,2020-01-31 07:03:31,2020-01-31 07:03:34,3,2020-01-31
5. music,78,2020-01-31 07:03:47,2020-01-31 07:04:26,39,2020-01-31
5. music,79,2020-01-31 07:04:32,2020-01-31 07:04:51,19,2020-01-31
5. music,80,2020-01-31 10:14:04,2020-01-31 10:14:10,6,2020-01-31
5. music,81,2020-01-31 10:15:29,2020-01-31 10:15:40,11,2020-01-31
5. music,82,2020-01-31 10:17:53,2020-01-31 10:17:55,2,2020-01-31
5. music,83,2020-01-31 10:20:01,2020-01-31 10:20:03,2,2020-01-31
5. music,84,2020-01-31 10:57:44,2020-01-31 10:57:45,1,2020-01-31
5. music,85,2020-01-31 11:03:44,2020-01-31 11:03:46,2,2020-01-31
5. music,86,2020-01-31 12:35:02,2020-01-31 12:35:24,22,2020-01-31
5. music,87,2020-01-31 12:58:09,2020-01-31 12:58:12,3,2020-01-31
5. music,88,2020-01-31 13:38:54,2020-01-31 13:39:00,6,2020-01-31
5. music,89,2020-01-31 13:55:38,2020-01-31 13:55:43,5,2020-01-31
5. music,90,2020-01-31 14:05:24,2020-01-31 14:05:28,4,2020-01-31
5. music,91,2020-01-31 15:07:57,2020-01-31 15:08:00,3,2020-01-31
5. music,92,2020-01-31 15:20:14,2020-01-31 15:20:15,1,2020-01-31
5. music,93,2020-02-04 14:01:19,2020-02-04 14:01:20,1,2020-02-04
5. music,94,2020-02-04 14:06:45,2020-02-04 14:06:46,1,2020-02-04
5. music,95,2020-02-04 14:50:33,2020-02-04 14:50:35,2,2020-02-04
5. music,96,2020-02-04 15:44:25,2020-02-04 15:44:28,3,2020-02-04
5. music,97,2020-02-04 15:45:09,2020-02-04 15:45:14,5,2020-02-04
5. music,98,2020-02-04 16:10:58,2020-02-04 16:11:01,3,2020-02-04
5. music,99,2020-02-04 16:38:08,2020-02-04 16:38:11,3,2020-02-04
5. music,100,2020-02-04 16:39:46,2020-02-04 16:41:47,121,2020-02-04
5. music,101,2020-02-04 16:42:13,2020-02-04 16:42:16,3,2020-02-04
5. music,102,2020-02-04 17:05:59,2020-02-04 17:06:04,5,2020-02-04
5. music,104,2020-02-05 07:00:34,2020-02-05 07:00:39,5,2020-02-05
5. music,105,2020-02-05 07:18:45,2020-02-05 07:18:48,3,2020-02-05
5. music,106,2020-02-05 07:22:54,2020-02-05 07:22:56,2,2020-02-05
5. music,107,2020-02-05 07:27:30,2020-02-05 07:27:33,3,2020-02-05
5. music,108,2020-02-05 07:35:39,2020-02-05 07:35:42,3,2020-02-05
5. music,109,2020-02-05 08:08:45,2020-02-05 08:08:49,4,2020-02-05
5. music,110,2020-02-05 09:17:13,2020-02-05 09:17:18,5,2020-02-05
5. music,111,2020-02-05 09:19:04,2020-02-05 09:19:05,1,2020-02-05
5. music,112,2020-02-05 09:20:04,2020-02-05 09:20:49,45,2020-02-05
5. music,113,2020-02-05 09:21:00,2020-02-05 09:21:01,1,2020-02-05
5. music,114,2020-02-05 10:33:57,2020-02-05 10:33:58,1,2020-02-05
5. music,115,2020-02-05 10:58:28,2020-02-05 10:58:29,1,2020-02-05
5. music,116,2020-02-05 10:59:04,2020-02-05 10:59:11,7,2020-02-05
5. music,117,2020-02-05 12:02:51,2020-02-05 12:03:01,10,2020-02-05
5. music,118,2020-02-05 12:07:07,2020-02-05 12:07:17,10,2020-02-05
5. music,119,2020-02-05 12:07:24,2020-02-05 12:07:27,3,2020-02-05
5. music,120,2020-02-05 12:21:16,2020-02-05 12:21:21,5,2020-02-05
5. music,121,2020-02-05 12:22:12,2020-02-05 12:22:16,4,2020-02-05
5. music,122,2020-02-05 12:29:37,2020-02-05 12:29:39,2,2020-02-05
5. music,123,2020-02-05 12:30:14,2020-02-05 12:30:17,3,2020-02-05
5. music,124,2020-02-05 12:30:26,2020-02-05 12:30:27,1,2020-02-05
5. music,125,2020-02-05 12:32:35,2020-02-05 12:32:38,3,2020-02-05
5. music,126,2020-02-05 12:38:56,2020-02-05 12:39:05,9,2020-02-05
5. music,127,2020-02-05 12:55:25,2020-02-05 12:55:26,1,2020-02-05
5. music,128,2020-02-05 13:13:02,2020-02-05 13:13:04,2,2020-02-05
5. music,129,2020-02-05 13:16:05,2020-02-05 13:16:06,1,2020-02-05
5. music,130,2020-02-05 13:22:59,2020-02-05 13:23:02,3,2020-02-05
5. music,131,2020-02-05 13:24:41,2020-02-05 13:24:42,1,2020-02-05
5. music,132,2020-02-05 14:38:52,2020-02-05 14:38:57,5,2020-02-05
5. music,133,2020-02-05 14:44:06,2020-02-05 14:44:07,1,2020-02-05
5. music,134,2020-02-05 14:46:01,2020-02-05 14:46:03,2,2020-02-05
